INSERT [dbo].[TecnicaSoldador] ([TecnicaSoldadorID], [Nombre], [UsuarioModifica], [FechaModificacion]) VALUES (1, N'Raiz', NULL, NULL)
INSERT [dbo].[TecnicaSoldador] ([TecnicaSoldadorID], [Nombre], [UsuarioModifica], [FechaModificacion]) VALUES (2, N'Relleno', NULL, NULL)

SET IDENTITY_INSERT [dbo].[ModuloSeguimientoSpool] ON
INSERT [dbo].[ModuloSeguimientoSpool] ([ModuloSeguimientoSpoolID], [Nombre], [NombreIngles], [OrdenUI], [NombreTemplateColumn], [UsuarioModifica], [FechaModificacion]) VALUES (1, N'Inspeccion Dimensional', N'Dimensional Inspection', 2, N'InspeccionDimensional', NULL, NULL)
INSERT [dbo].[ModuloSeguimientoSpool] ([ModuloSeguimientoSpoolID], [Nombre], [NombreIngles], [OrdenUI], [NombreTemplateColumn], [UsuarioModifica], [FechaModificacion]) VALUES (4, N'Inspeccion Espesores', N'Thickness Inspection', 3, N'InspeccionEspesores', NULL, NULL)
INSERT [dbo].[ModuloSeguimientoSpool] ([ModuloSeguimientoSpoolID], [Nombre], [NombreIngles], [OrdenUI], [NombreTemplateColumn], [UsuarioModifica], [FechaModificacion]) VALUES (5, N'Embarque', N'Shipment', 5, N'Embarque', NULL, NULL)
INSERT [dbo].[ModuloSeguimientoSpool] ([ModuloSeguimientoSpoolID], [Nombre], [NombreIngles], [OrdenUI], [NombreTemplateColumn], [UsuarioModifica], [FechaModificacion]) VALUES (6, N'Pintura', N'Paint', 4, N'Pintura', NULL, NULL)
INSERT [dbo].[ModuloSeguimientoSpool] ([ModuloSeguimientoSpoolID], [Nombre], [NombreIngles], [OrdenUI], [NombreTemplateColumn], [UsuarioModifica], [FechaModificacion]) VALUES (7, N'General', N'General', 1, N'General', NULL, NULL)
SET IDENTITY_INSERT [dbo].[ModuloSeguimientoSpool] OFF

SET IDENTITY_INSERT [dbo].[CampoSeguimientoSpool] ON
INSERT [dbo].[CampoSeguimientoSpool] ([CampoSeguimientoSpoolID], [ModuloSeguimientoSpoolID], [Nombre], [NombreIngles], [OrdenUI], [NombreControlUI], [NombreColumnaSp], [DataFormat], [CssColumnaUI], [UsuarioModifica], [FechaModificacion], [AnchoUI]) VALUES (3, 1, N'Fecha', N'Date', 1, N'litInspDimFecha', N'InspeccionDimensionalFecha', N'd', N'', NULL, NULL, 125)
INSERT [dbo].[CampoSeguimientoSpool] ([CampoSeguimientoSpoolID], [ModuloSeguimientoSpoolID], [Nombre], [NombreIngles], [OrdenUI], [NombreControlUI], [NombreColumnaSp], [DataFormat], [CssColumnaUI], [UsuarioModifica], [FechaModificacion], [AnchoUI]) VALUES (4, 1, N'Fecha Reporte', N'Report Date', 2, N'litInspeccionDimensionalFechaReporte', N'InspeccionDimensionalFechaReporte', N'd', N'', NULL, NULL, 125)
INSERT [dbo].[CampoSeguimientoSpool] ([CampoSeguimientoSpoolID], [ModuloSeguimientoSpoolID], [Nombre], [NombreIngles], [OrdenUI], [NombreControlUI], [NombreColumnaSp], [DataFormat], [CssColumnaUI], [UsuarioModifica], [FechaModificacion], [AnchoUI]) VALUES (8, 1, N'Número Reporte', N'Report Number', 3, N'litInspeccionDimensionalNumeroReporte', N'InspeccionDimensionalNumeroReporte', N'', N' ', NULL, NULL, 125)
INSERT [dbo].[CampoSeguimientoSpool] ([CampoSeguimientoSpoolID], [ModuloSeguimientoSpoolID], [Nombre], [NombreIngles], [OrdenUI], [NombreControlUI], [NombreColumnaSp], [DataFormat], [CssColumnaUI], [UsuarioModifica], [FechaModificacion], [AnchoUI]) VALUES (9, 1, N'Hoja', N'Sheet', 4, N'litInspeccionDimensionalHoja', N'InspeccionDimensionalHoja', N'', N' ', NULL, NULL, 125)
INSERT [dbo].[CampoSeguimientoSpool] ([CampoSeguimientoSpoolID], [ModuloSeguimientoSpoolID], [Nombre], [NombreIngles], [OrdenUI], [NombreControlUI], [NombreColumnaSp], [DataFormat], [CssColumnaUI], [UsuarioModifica], [FechaModificacion], [AnchoUI]) VALUES (10, 1, N'Aprobado', N'Passed', 5, N'litInspeccionDimensionalResultado', N'InspeccionDimensionalResultado', N'', N' ', NULL, NULL, 125)
INSERT [dbo].[CampoSeguimientoSpool] ([CampoSeguimientoSpoolID], [ModuloSeguimientoSpoolID], [Nombre], [NombreIngles], [OrdenUI], [NombreControlUI], [NombreColumnaSp], [DataFormat], [CssColumnaUI], [UsuarioModifica], [FechaModificacion], [AnchoUI]) VALUES (27, 4, N'Fecha', N'Date', 1, N'litInspeccionEspesoresFecha', N'InspeccionEspesoresFecha', N'd', N'', NULL, NULL, 125)
INSERT [dbo].[CampoSeguimientoSpool] ([CampoSeguimientoSpoolID], [ModuloSeguimientoSpoolID], [Nombre], [NombreIngles], [OrdenUI], [NombreControlUI], [NombreColumnaSp], [DataFormat], [CssColumnaUI], [UsuarioModifica], [FechaModificacion], [AnchoUI]) VALUES (28, 4, N'Fecha Reporte', N'Report Date', 2, N'litInspeccionDimensionalFechaReporte', N'InspeccionEspesoresFechaReporte', N'd', N'', NULL, NULL, 125)
INSERT [dbo].[CampoSeguimientoSpool] ([CampoSeguimientoSpoolID], [ModuloSeguimientoSpoolID], [Nombre], [NombreIngles], [OrdenUI], [NombreControlUI], [NombreColumnaSp], [DataFormat], [CssColumnaUI], [UsuarioModifica], [FechaModificacion], [AnchoUI]) VALUES (29, 4, N'Número Reporte', N'Report Number', 3, N'litInspeccionDimensionalNumeroReporte', N'InspeccionEspesoresNumeroReporte', N'', N' ', NULL, NULL, 125)
INSERT [dbo].[CampoSeguimientoSpool] ([CampoSeguimientoSpoolID], [ModuloSeguimientoSpoolID], [Nombre], [NombreIngles], [OrdenUI], [NombreControlUI], [NombreColumnaSp], [DataFormat], [CssColumnaUI], [UsuarioModifica], [FechaModificacion], [AnchoUI]) VALUES (30, 4, N'Hoja', N'Sheet', 4, N'litInspeccionDimensionalHoja', N'InspeccionEspesoresHoja', N'', N' ', NULL, NULL, 125)
INSERT [dbo].[CampoSeguimientoSpool] ([CampoSeguimientoSpoolID], [ModuloSeguimientoSpoolID], [Nombre], [NombreIngles], [OrdenUI], [NombreControlUI], [NombreColumnaSp], [DataFormat], [CssColumnaUI], [UsuarioModifica], [FechaModificacion], [AnchoUI]) VALUES (31, 4, N'Aprobado', N'Passed', 5, N'litInspeccionDimensionalResultado', N'InspeccionEspesoresResultado', N'', N' ', NULL, NULL, 125)
INSERT [dbo].[CampoSeguimientoSpool] ([CampoSeguimientoSpoolID], [ModuloSeguimientoSpoolID], [Nombre], [NombreIngles], [OrdenUI], [NombreControlUI], [NombreColumnaSp], [DataFormat], [CssColumnaUI], [UsuarioModifica], [FechaModificacion], [AnchoUI]) VALUES (32, 5, N'Etiqueta', N'Label', 1, N'litEmbarqueEtiqueta', N'EmbarqueEtiqueta', N'', N' ', NULL, NULL, 125)
INSERT [dbo].[CampoSeguimientoSpool] ([CampoSeguimientoSpoolID], [ModuloSeguimientoSpoolID], [Nombre], [NombreIngles], [OrdenUI], [NombreControlUI], [NombreColumnaSp], [DataFormat], [CssColumnaUI], [UsuarioModifica], [FechaModificacion], [AnchoUI]) VALUES (33, 5, N'Fecha Etiqueta', N'Label Date', 2, N'litEmbarqueFechaEtiqueta', N'EmbarqueFechaEtiqueta', N'd', N' ', NULL, NULL, 125)
INSERT [dbo].[CampoSeguimientoSpool] ([CampoSeguimientoSpoolID], [ModuloSeguimientoSpoolID], [Nombre], [NombreIngles], [OrdenUI], [NombreControlUI], [NombreColumnaSp], [DataFormat], [CssColumnaUI], [UsuarioModifica], [FechaModificacion], [AnchoUI]) VALUES (34, 5, N'Fecha Preparación', N'Preparation Date', 3, N'litEmbarqueFechaPreparacion', N'EmbarqueFechaPreparacion', N'd', N' ', NULL, NULL, 125)
INSERT [dbo].[CampoSeguimientoSpool] ([CampoSeguimientoSpoolID], [ModuloSeguimientoSpoolID], [Nombre], [NombreIngles], [OrdenUI], [NombreControlUI], [NombreColumnaSp], [DataFormat], [CssColumnaUI], [UsuarioModifica], [FechaModificacion], [AnchoUI]) VALUES (36, 5, N'Fecha Embarque', N'Shipment Date', 4, N'litEmbarqueFechaEmbarque', N'EmbarqueFechaEmbarque', N'd', N' ', NULL, NULL, 125)
INSERT [dbo].[CampoSeguimientoSpool] ([CampoSeguimientoSpoolID], [ModuloSeguimientoSpoolID], [Nombre], [NombreIngles], [OrdenUI], [NombreControlUI], [NombreColumnaSp], [DataFormat], [CssColumnaUI], [UsuarioModifica], [FechaModificacion], [AnchoUI]) VALUES (37, 5, N'Número Embarque', N'Shipping Number', 5, N'litEmbarqueNumeroEmbarque', N'EmbarqueNumeroEmbarque', N'', N' ', NULL, NULL, 125)
INSERT [dbo].[CampoSeguimientoSpool] ([CampoSeguimientoSpoolID], [ModuloSeguimientoSpoolID], [Nombre], [NombreIngles], [OrdenUI], [NombreControlUI], [NombreColumnaSp], [DataFormat], [CssColumnaUI], [UsuarioModifica], [FechaModificacion], [AnchoUI]) VALUES (38, 6, N'Fecha Requisición', N'Requisition Date', 1, N'litPinturaFechaRequisicion', N'PinturaFechaRequisicion', N'd', N' ', NULL, NULL, 125)
INSERT [dbo].[CampoSeguimientoSpool] ([CampoSeguimientoSpoolID], [ModuloSeguimientoSpoolID], [Nombre], [NombreIngles], [OrdenUI], [NombreControlUI], [NombreColumnaSp], [DataFormat], [CssColumnaUI], [UsuarioModifica], [FechaModificacion], [AnchoUI]) VALUES (39, 6, N'Número Requisición', N'Requisition Number', 2, N'litPinturaNumeroRequisicion', N'PinturaNumeroRequisicion', N'', N' ', NULL, NULL, 125)
INSERT [dbo].[CampoSeguimientoSpool] ([CampoSeguimientoSpoolID], [ModuloSeguimientoSpoolID], [Nombre], [NombreIngles], [OrdenUI], [NombreControlUI], [NombreColumnaSp], [DataFormat], [CssColumnaUI], [UsuarioModifica], [FechaModificacion], [AnchoUI]) VALUES (40, 6, N'Sistema', N'System', 3, N'litPinturaSistema', N'PinturaSistema', N'', N' ', NULL, NULL, 125)
INSERT [dbo].[CampoSeguimientoSpool] ([CampoSeguimientoSpoolID], [ModuloSeguimientoSpoolID], [Nombre], [NombreIngles], [OrdenUI], [NombreControlUI], [NombreColumnaSp], [DataFormat], [CssColumnaUI], [UsuarioModifica], [FechaModificacion], [AnchoUI]) VALUES (42, 6, N'Color', N'Color', 4, N'litPinturaColor', N'PinturaColor', N'', N' ', NULL, NULL, 125)
INSERT [dbo].[CampoSeguimientoSpool] ([CampoSeguimientoSpoolID], [ModuloSeguimientoSpoolID], [Nombre], [NombreIngles], [OrdenUI], [NombreControlUI], [NombreColumnaSp], [DataFormat], [CssColumnaUI], [UsuarioModifica], [FechaModificacion], [AnchoUI]) VALUES (43, 6, N'Código', N'Code', 5, N'litPinturaCodigo', N'PinturaCodigo', N'', N' ', NULL, NULL, 125)
INSERT [dbo].[CampoSeguimientoSpool] ([CampoSeguimientoSpoolID], [ModuloSeguimientoSpoolID], [Nombre], [NombreIngles], [OrdenUI], [NombreControlUI], [NombreColumnaSp], [DataFormat], [CssColumnaUI], [UsuarioModifica], [FechaModificacion], [AnchoUI]) VALUES (44, 6, N'Fecha Sand Blast', N'Sand Blast Date', 6, N'litPinturaFechaSendBlast', N'PinturaFechaSendBlast', N'd', N' ', NULL, NULL, 125)
INSERT [dbo].[CampoSeguimientoSpool] ([CampoSeguimientoSpoolID], [ModuloSeguimientoSpoolID], [Nombre], [NombreIngles], [OrdenUI], [NombreControlUI], [NombreColumnaSp], [DataFormat], [CssColumnaUI], [UsuarioModifica], [FechaModificacion], [AnchoUI]) VALUES (45, 6, N'Sand Blast', N'Sand Blast', 7, N'litPinturaReporteSendBlast', N'PinturaReporteSendBlast', N'', N' ', NULL, NULL, 125)
INSERT [dbo].[CampoSeguimientoSpool] ([CampoSeguimientoSpoolID], [ModuloSeguimientoSpoolID], [Nombre], [NombreIngles], [OrdenUI], [NombreControlUI], [NombreColumnaSp], [DataFormat], [CssColumnaUI], [UsuarioModifica], [FechaModificacion], [AnchoUI]) VALUES (46, 6, N'Fecha Primarios', N'Primary Date', 8, N'litPinturaFechaPrimarios', N'PinturaFechaPrimarios', N'd', N' ', NULL, NULL, 125)
INSERT [dbo].[CampoSeguimientoSpool] ([CampoSeguimientoSpoolID], [ModuloSeguimientoSpoolID], [Nombre], [NombreIngles], [OrdenUI], [NombreControlUI], [NombreColumnaSp], [DataFormat], [CssColumnaUI], [UsuarioModifica], [FechaModificacion], [AnchoUI]) VALUES (47, 6, N'Reporte Primarios', N'Primary Report', 9, N'litPinturaReportePrimarios', N'PinturaReportePrimarios', N'', N' ', NULL, NULL, 125)
INSERT [dbo].[CampoSeguimientoSpool] ([CampoSeguimientoSpoolID], [ModuloSeguimientoSpoolID], [Nombre], [NombreIngles], [OrdenUI], [NombreControlUI], [NombreColumnaSp], [DataFormat], [CssColumnaUI], [UsuarioModifica], [FechaModificacion], [AnchoUI]) VALUES (48, 6, N'Fecha Intermedios', N'Intermediate Date', 10, N'litPinturaFechaIntermedios', N'PinturaFechaIntermedios', N'd', N' ', NULL, NULL, 125)
INSERT [dbo].[CampoSeguimientoSpool] ([CampoSeguimientoSpoolID], [ModuloSeguimientoSpoolID], [Nombre], [NombreIngles], [OrdenUI], [NombreControlUI], [NombreColumnaSp], [DataFormat], [CssColumnaUI], [UsuarioModifica], [FechaModificacion], [AnchoUI]) VALUES (49, 6, N'Reporte Intermedios', N'Intermediate Report', 11, N'litPinturaReporteIntermedios', N'PinturaReporteIntermedios', N'', N' ', NULL, NULL, 125)
INSERT [dbo].[CampoSeguimientoSpool] ([CampoSeguimientoSpoolID], [ModuloSeguimientoSpoolID], [Nombre], [NombreIngles], [OrdenUI], [NombreControlUI], [NombreColumnaSp], [DataFormat], [CssColumnaUI], [UsuarioModifica], [FechaModificacion], [AnchoUI]) VALUES (50, 6, N'Fecha Acabado Visual', N'Visual Finish Date', 12, N'litPinturaFechaAcabadoVisual', N'PinturaFechaAcabadoVisual', N'd', N' ', NULL, NULL, 125)
INSERT [dbo].[CampoSeguimientoSpool] ([CampoSeguimientoSpoolID], [ModuloSeguimientoSpoolID], [Nombre], [NombreIngles], [OrdenUI], [NombreControlUI], [NombreColumnaSp], [DataFormat], [CssColumnaUI], [UsuarioModifica], [FechaModificacion], [AnchoUI]) VALUES (51, 6, N'Reporte Acabado Visual', N'Visual Finish Report', 13, N'litPinturaReporteAcabadoVisual', N'PinturaReporteAcabadoVisual', N'', N' ', NULL, NULL, 125)
INSERT [dbo].[CampoSeguimientoSpool] ([CampoSeguimientoSpoolID], [ModuloSeguimientoSpoolID], [Nombre], [NombreIngles], [OrdenUI], [NombreControlUI], [NombreColumnaSp], [DataFormat], [CssColumnaUI], [UsuarioModifica], [FechaModificacion], [AnchoUI]) VALUES (52, 6, N'Fecha Adherencia', N'Bond Date', 14, N'litPinturaFechaAdherencia', N'PinturaFechaAdherencia', N'd', N' ', NULL, NULL, 125)
INSERT [dbo].[CampoSeguimientoSpool] ([CampoSeguimientoSpoolID], [ModuloSeguimientoSpoolID], [Nombre], [NombreIngles], [OrdenUI], [NombreControlUI], [NombreColumnaSp], [DataFormat], [CssColumnaUI], [UsuarioModifica], [FechaModificacion], [AnchoUI]) VALUES (53, 6, N'Reporte Adherencia', N'Bond Report', 15, N'litPinturaReporteAdherencia', N'PinturaReporteAdherencia', N'', N' ', NULL, NULL, 125)
INSERT [dbo].[CampoSeguimientoSpool] ([CampoSeguimientoSpoolID], [ModuloSeguimientoSpoolID], [Nombre], [NombreIngles], [OrdenUI], [NombreControlUI], [NombreColumnaSp], [DataFormat], [CssColumnaUI], [UsuarioModifica], [FechaModificacion], [AnchoUI]) VALUES (54, 6, N'Fecha Pull Off', N'Pull Off Date', 16, N'litPinturaFechaPullOff', N'PinturaFechaPullOff', N'd', N' ', NULL, NULL, 125)
INSERT [dbo].[CampoSeguimientoSpool] ([CampoSeguimientoSpoolID], [ModuloSeguimientoSpoolID], [Nombre], [NombreIngles], [OrdenUI], [NombreControlUI], [NombreColumnaSp], [DataFormat], [CssColumnaUI], [UsuarioModifica], [FechaModificacion], [AnchoUI]) VALUES (55, 6, N'Reporte Pull Off', N'Pull Off Report', 17, N'litPinturaReportePullOff', N'PinturaReportePullOff', N'', N' ', NULL, NULL, 125)
INSERT [dbo].[CampoSeguimientoSpool] ([CampoSeguimientoSpoolID], [ModuloSeguimientoSpoolID], [Nombre], [NombreIngles], [OrdenUI], [NombreControlUI], [NombreColumnaSp], [DataFormat], [CssColumnaUI], [UsuarioModifica], [FechaModificacion], [AnchoUI]) VALUES (56, 7, N'Proyecto', N'Project', 1, N'litProyecto', N'GeneralProyecto', N'', N' ', NULL, NULL, 125)
INSERT [dbo].[CampoSeguimientoSpool] ([CampoSeguimientoSpoolID], [ModuloSeguimientoSpoolID], [Nombre], [NombreIngles], [OrdenUI], [NombreControlUI], [NombreColumnaSp], [DataFormat], [CssColumnaUI], [UsuarioModifica], [FechaModificacion], [AnchoUI]) VALUES (57, 7, N'Orden de Trabajo', N'Work Order', 2, N'litOrdenDeTrabajo', N'GeneralOrdenDeTrabajo', N'', N' ', NULL, NULL, 125)
INSERT [dbo].[CampoSeguimientoSpool] ([CampoSeguimientoSpoolID], [ModuloSeguimientoSpoolID], [Nombre], [NombreIngles], [OrdenUI], [NombreControlUI], [NombreColumnaSp], [DataFormat], [CssColumnaUI], [UsuarioModifica], [FechaModificacion], [AnchoUI]) VALUES (58, 7, N'Número de Control', N'Control #', 3, N'litNumeroDeControl', N'GeneralNumeroDeControl', N'', N' ', NULL, NULL, 125)
INSERT [dbo].[CampoSeguimientoSpool] ([CampoSeguimientoSpoolID], [ModuloSeguimientoSpoolID], [Nombre], [NombreIngles], [OrdenUI], [NombreControlUI], [NombreColumnaSp], [DataFormat], [CssColumnaUI], [UsuarioModifica], [FechaModificacion], [AnchoUI]) VALUES (59, 7, N'Spool', N'Spool', 4, N'litSpool', N'GeneralSpool', N'', N' ', NULL, NULL, 125)
INSERT [dbo].[CampoSeguimientoSpool] ([CampoSeguimientoSpoolID], [ModuloSeguimientoSpoolID], [Nombre], [NombreIngles], [OrdenUI], [NombreControlUI], [NombreColumnaSp], [DataFormat], [CssColumnaUI], [UsuarioModifica], [FechaModificacion], [AnchoUI]) VALUES (60, 7, N'Número Juntas', N'Joints Number', 5, N'litNumeroJuntas', N'GeneralNumeroJuntas', N'', N' ', NULL, NULL, 125)
INSERT [dbo].[CampoSeguimientoSpool] ([CampoSeguimientoSpoolID], [ModuloSeguimientoSpoolID], [Nombre], [NombreIngles], [OrdenUI], [NombreControlUI], [NombreColumnaSp], [DataFormat], [CssColumnaUI], [UsuarioModifica], [FechaModificacion], [AnchoUI]) VALUES (61, 7, N'Prioridad', N'Priority', 6, N'litPrioridad', N'GeneralPrioridad', N'', N' ', NULL, NULL, 125)
INSERT [dbo].[CampoSeguimientoSpool] ([CampoSeguimientoSpoolID], [ModuloSeguimientoSpoolID], [Nombre], [NombreIngles], [OrdenUI], [NombreControlUI], [NombreColumnaSp], [DataFormat], [CssColumnaUI], [UsuarioModifica], [FechaModificacion], [AnchoUI]) VALUES (62, 7, N'PDI', N'Diametral Inches', 7, N'litpdi', N'Generalpdi', N'0#.###', N' ', NULL, NULL, 125)
INSERT [dbo].[CampoSeguimientoSpool] ([CampoSeguimientoSpoolID], [ModuloSeguimientoSpoolID], [Nombre], [NombreIngles], [OrdenUI], [NombreControlUI], [NombreColumnaSp], [DataFormat], [CssColumnaUI], [UsuarioModifica], [FechaModificacion], [AnchoUI]) VALUES (63, 7, N'Peso', N'Weight', 8, N'litpeso', N'Generalpeso', N'', N' ', NULL, NULL, 125)
INSERT [dbo].[CampoSeguimientoSpool] ([CampoSeguimientoSpoolID], [ModuloSeguimientoSpoolID], [Nombre], [NombreIngles], [OrdenUI], [NombreControlUI], [NombreColumnaSp], [DataFormat], [CssColumnaUI], [UsuarioModifica], [FechaModificacion], [AnchoUI]) VALUES (64, 7, N'Área', N'Area', 9, N'litArea', N'GeneralArea', N'', N' ', NULL, NULL, 125)
INSERT [dbo].[CampoSeguimientoSpool] ([CampoSeguimientoSpoolID], [ModuloSeguimientoSpoolID], [Nombre], [NombreIngles], [OrdenUI], [NombreControlUI], [NombreColumnaSp], [DataFormat], [CssColumnaUI], [UsuarioModifica], [FechaModificacion], [AnchoUI]) VALUES (65, 7, N'Especificación', N'Specification', 10, N'litEspecificacion', N'GeneralEspecificacion', N'', N' ', NULL, NULL, 125)
INSERT [dbo].[CampoSeguimientoSpool] ([CampoSeguimientoSpoolID], [ModuloSeguimientoSpoolID], [Nombre], [NombreIngles], [OrdenUI], [NombreControlUI], [NombreColumnaSp], [DataFormat], [CssColumnaUI], [UsuarioModifica], [FechaModificacion], [AnchoUI]) VALUES (67, 7, N'¿Hold?', N'On Hold?', 11, N'litTieneHold', N'GeneralTieneHold', N'', N' ', NULL, NULL, 125)
SET IDENTITY_INSERT [dbo].[CampoSeguimientoSpool] OFF

SET IDENTITY_INSERT [dbo].[ModuloSeguimientoJunta] ON
INSERT [dbo].[ModuloSeguimientoJunta] ([ModuloSeguimientoJuntaID], [Nombre], [NombreIngles], [OrdenUI], [NombreTemplateColumn], [UsuarioModifica], [FechaModificacion]) VALUES (1, N'Armado', N'Fitting', 2, N'Armado', NULL, NULL)
INSERT [dbo].[ModuloSeguimientoJunta] ([ModuloSeguimientoJuntaID], [Nombre], [NombreIngles], [OrdenUI], [NombreTemplateColumn], [UsuarioModifica], [FechaModificacion]) VALUES (2, N'Soldadura', N'Welding', 3, N'Soldadura', NULL, NULL)
INSERT [dbo].[ModuloSeguimientoJunta] ([ModuloSeguimientoJuntaID], [Nombre], [NombreIngles], [OrdenUI], [NombreTemplateColumn], [UsuarioModifica], [FechaModificacion]) VALUES (4, N'Inspeccion Visual', N'Visual Inspection', 4, N'InspeccionVisual', NULL, NULL)
INSERT [dbo].[ModuloSeguimientoJunta] ([ModuloSeguimientoJuntaID], [Nombre], [NombreIngles], [OrdenUI], [NombreTemplateColumn], [UsuarioModifica], [FechaModificacion]) VALUES (5, N'Inspeccion Dimensional', N'Dimensional Inspection', 5, N'InspeccionDimensional', NULL, NULL)
INSERT [dbo].[ModuloSeguimientoJunta] ([ModuloSeguimientoJuntaID], [Nombre], [NombreIngles], [OrdenUI], [NombreTemplateColumn], [UsuarioModifica], [FechaModificacion]) VALUES (6, N'Inspeccion Espesores', N'Thickness Inspection', 6, N'InspeccionEspesores', NULL, NULL)
INSERT [dbo].[ModuloSeguimientoJunta] ([ModuloSeguimientoJuntaID], [Nombre], [NombreIngles], [OrdenUI], [NombreTemplateColumn], [UsuarioModifica], [FechaModificacion]) VALUES (7, N'Prueba RT', N'RT Test', 7, N'PruebaRT', NULL, NULL)
INSERT [dbo].[ModuloSeguimientoJunta] ([ModuloSeguimientoJuntaID], [Nombre], [NombreIngles], [OrdenUI], [NombreTemplateColumn], [UsuarioModifica], [FechaModificacion]) VALUES (8, N'Prueba PT', N'PT Test', 8, N'PruebaPT', NULL, NULL)
INSERT [dbo].[ModuloSeguimientoJunta] ([ModuloSeguimientoJuntaID], [Nombre], [NombreIngles], [OrdenUI], [NombreTemplateColumn], [UsuarioModifica], [FechaModificacion]) VALUES (9, N'Tratamiento Pwht', N'Pwht Treatment', 9, N'TratamientoPWHT', NULL, NULL)
INSERT [dbo].[ModuloSeguimientoJunta] ([ModuloSeguimientoJuntaID], [Nombre], [NombreIngles], [OrdenUI], [NombreTemplateColumn], [UsuarioModifica], [FechaModificacion]) VALUES (10, N'Tratamiento Durezas', N'Treatment Hardness', 10, N'TratamientoDurezas', NULL, NULL)
INSERT [dbo].[ModuloSeguimientoJunta] ([ModuloSeguimientoJuntaID], [Nombre], [NombreIngles], [OrdenUI], [NombreTemplateColumn], [UsuarioModifica], [FechaModificacion]) VALUES (11, N'Prueba RT(Post TT)', N'RT Test(Post TT)', 11, N'PruebaRTPostTT', NULL, NULL)
INSERT [dbo].[ModuloSeguimientoJunta] ([ModuloSeguimientoJuntaID], [Nombre], [NombreIngles], [OrdenUI], [NombreTemplateColumn], [UsuarioModifica], [FechaModificacion]) VALUES (12, N'Prueba PT(Post TT)', N'PT Test(Post TT)', 12, N'PruebaPTPost TT', NULL, NULL)
INSERT [dbo].[ModuloSeguimientoJunta] ([ModuloSeguimientoJuntaID], [Nombre], [NombreIngles], [OrdenUI], [NombreTemplateColumn], [UsuarioModifica], [FechaModificacion]) VALUES (13, N'Tratamiento PreHeat', N'Treatment PreHeat', 13, N'TratamientoPreheat', NULL, NULL)
INSERT [dbo].[ModuloSeguimientoJunta] ([ModuloSeguimientoJuntaID], [Nombre], [NombreIngles], [OrdenUI], [NombreTemplateColumn], [UsuarioModifica], [FechaModificacion]) VALUES (14, N'Prueba UT', N'UT Test', 14, N'PruebaUT', NULL, NULL)
INSERT [dbo].[ModuloSeguimientoJunta] ([ModuloSeguimientoJuntaID], [Nombre], [NombreIngles], [OrdenUI], [NombreTemplateColumn], [UsuarioModifica], [FechaModificacion]) VALUES (15, N'Pintura', N'Paint', 15, N'Pintura', NULL, NULL)
INSERT [dbo].[ModuloSeguimientoJunta] ([ModuloSeguimientoJuntaID], [Nombre], [NombreIngles], [OrdenUI], [NombreTemplateColumn], [UsuarioModifica], [FechaModificacion]) VALUES (16, N'Embarque', N'Shipment', 16, N'Embarque', NULL, NULL)
INSERT [dbo].[ModuloSeguimientoJunta] ([ModuloSeguimientoJuntaID], [Nombre], [NombreIngles], [OrdenUI], [NombreTemplateColumn], [UsuarioModifica], [FechaModificacion]) VALUES (17, N'General', N'General', 1, N'General', NULL, NULL)
SET IDENTITY_INSERT [dbo].[ModuloSeguimientoJunta] OFF

SET IDENTITY_INSERT [dbo].[CampoSeguimientoJunta] ON
INSERT [dbo].[CampoSeguimientoJunta] ([CampoSeguimientoJuntaID], [ModuloSeguimientoJuntaID], [Nombre], [NombreIngles], [OrdenUI], [NombreControlUI], [NombreColumnaSp], [DataFormat], [CssColumnaUI], [UsuarioModifica], [FechaModificacion], [AnchoUI]) VALUES (1, 1, N'Fecha', N'Date', 1, N'litArmadoFecha', N'ArmadoFecha', N'd', N' ', NULL, NULL, 125)
INSERT [dbo].[CampoSeguimientoJunta] ([CampoSeguimientoJuntaID], [ModuloSeguimientoJuntaID], [Nombre], [NombreIngles], [OrdenUI], [NombreControlUI], [NombreColumnaSp], [DataFormat], [CssColumnaUI], [UsuarioModifica], [FechaModificacion], [AnchoUI]) VALUES (2, 1, N'Fecha Reporte', N'Report Date', 2, N'litArmadoFechaReporte', N'ArmadoFechaReporte', N'd', N' ', NULL, NULL, 125)
INSERT [dbo].[CampoSeguimientoJunta] ([CampoSeguimientoJuntaID], [ModuloSeguimientoJuntaID], [Nombre], [NombreIngles], [OrdenUI], [NombreControlUI], [NombreColumnaSp], [DataFormat], [CssColumnaUI], [UsuarioModifica], [FechaModificacion], [AnchoUI]) VALUES (3, 1, N'Taller', N'Shop', 3, N'litArmadoTaller', N'ArmadoTaller', N'', N' ', NULL, NULL, 125)
INSERT [dbo].[CampoSeguimientoJunta] ([CampoSeguimientoJuntaID], [ModuloSeguimientoJuntaID], [Nombre], [NombreIngles], [OrdenUI], [NombreControlUI], [NombreColumnaSp], [DataFormat], [CssColumnaUI], [UsuarioModifica], [FechaModificacion], [AnchoUI]) VALUES (4, 1, N'Tubero', N'Fitter', 4, N'litArmadoTubero', N'ArmadoTubero', N'', N' ', NULL, NULL, 125)
INSERT [dbo].[CampoSeguimientoJunta] ([CampoSeguimientoJuntaID], [ModuloSeguimientoJuntaID], [Nombre], [NombreIngles], [OrdenUI], [NombreControlUI], [NombreColumnaSp], [DataFormat], [CssColumnaUI], [UsuarioModifica], [FechaModificacion], [AnchoUI]) VALUES (5, 1, N'Número Único 1', N'Unique Number 1', 5, N'litArmadoNumeroUnico1', N'ArmadoNumeroUnico1', N'', N' ', NULL, NULL, 125)
INSERT [dbo].[CampoSeguimientoJunta] ([CampoSeguimientoJuntaID], [ModuloSeguimientoJuntaID], [Nombre], [NombreIngles], [OrdenUI], [NombreControlUI], [NombreColumnaSp], [DataFormat], [CssColumnaUI], [UsuarioModifica], [FechaModificacion], [AnchoUI]) VALUES (6, 1, N'Número Único 2', N'Unique Number 2', 6, N'litArmadoNumeroUnico2', N'ArmadoNumeroUnico2', N'', N' ', NULL, NULL, 125)
INSERT [dbo].[CampoSeguimientoJunta] ([CampoSeguimientoJuntaID], [ModuloSeguimientoJuntaID], [Nombre], [NombreIngles], [OrdenUI], [NombreControlUI], [NombreColumnaSp], [DataFormat], [CssColumnaUI], [UsuarioModifica], [FechaModificacion], [AnchoUI]) VALUES (7, 2, N'Fecha', N'Date', 1, N'litSoldadorFecha', N'SoldaduraFecha', N'd', N' ', NULL, NULL, 125)
INSERT [dbo].[CampoSeguimientoJunta] ([CampoSeguimientoJuntaID], [ModuloSeguimientoJuntaID], [Nombre], [NombreIngles], [OrdenUI], [NombreControlUI], [NombreColumnaSp], [DataFormat], [CssColumnaUI], [UsuarioModifica], [FechaModificacion], [AnchoUI]) VALUES (8, 2, N'Fecha Reporte', N'Report Date', 2, N'litSoldadorFechaReporte', N'SoldaduraFechaReporte', N'd', N' ', NULL, NULL, 125)
INSERT [dbo].[CampoSeguimientoJunta] ([CampoSeguimientoJuntaID], [ModuloSeguimientoJuntaID], [Nombre], [NombreIngles], [OrdenUI], [NombreControlUI], [NombreColumnaSp], [DataFormat], [CssColumnaUI], [UsuarioModifica], [FechaModificacion], [AnchoUI]) VALUES (9, 2, N'Taller', N'Shop', 3, N'litSoldadorTaller', N'SoldaduraTaller', N'', N' ', NULL, NULL, 125)
INSERT [dbo].[CampoSeguimientoJunta] ([CampoSeguimientoJuntaID], [ModuloSeguimientoJuntaID], [Nombre], [NombreIngles], [OrdenUI], [NombreControlUI], [NombreColumnaSp], [DataFormat], [CssColumnaUI], [UsuarioModifica], [FechaModificacion], [AnchoUI]) VALUES (10, 2, N'Wps', N'Wps', 4, N'litSoldadorWps', N'SoldaduraWps', N'', N' ', NULL, NULL, 125)
INSERT [dbo].[CampoSeguimientoJunta] ([CampoSeguimientoJuntaID], [ModuloSeguimientoJuntaID], [Nombre], [NombreIngles], [OrdenUI], [NombreControlUI], [NombreColumnaSp], [DataFormat], [CssColumnaUI], [UsuarioModifica], [FechaModificacion], [AnchoUI]) VALUES (11, 2, N'Proceso Relleno', N'Fill Process', 5, N'litSoldadorProcesoRelleno', N'SoldaduraProcesoRelleno', N'', N' ', NULL, NULL, 125)
INSERT [dbo].[CampoSeguimientoJunta] ([CampoSeguimientoJuntaID], [ModuloSeguimientoJuntaID], [Nombre], [NombreIngles], [OrdenUI], [NombreControlUI], [NombreColumnaSp], [DataFormat], [CssColumnaUI], [UsuarioModifica], [FechaModificacion], [AnchoUI]) VALUES (12, 2, N'Soldador Relleno', N'Fill Welding', 6, N'litSoldadorSoldadorRelleno', N'SoldaduraSoldadorRelleno', N'', N' ', NULL, NULL, 125)
INSERT [dbo].[CampoSeguimientoJunta] ([CampoSeguimientoJuntaID], [ModuloSeguimientoJuntaID], [Nombre], [NombreIngles], [OrdenUI], [NombreControlUI], [NombreColumnaSp], [DataFormat], [CssColumnaUI], [UsuarioModifica], [FechaModificacion], [AnchoUI]) VALUES (13, 2, N'Coladas Mat. Soldadura', N'Heat Welding Material', 9, N'litSoldadorConsumiblesRelleno', N'SoldaduraConsumiblesRelleno', N'', N' ', NULL, NULL, 125)
INSERT [dbo].[CampoSeguimientoJunta] ([CampoSeguimientoJuntaID], [ModuloSeguimientoJuntaID], [Nombre], [NombreIngles], [OrdenUI], [NombreControlUI], [NombreColumnaSp], [DataFormat], [CssColumnaUI], [UsuarioModifica], [FechaModificacion], [AnchoUI]) VALUES (14, 2, N'Proceso Raíz', N'Root Process', 7, N'litSoldadorProcesoRaiz', N'SoldaduraProcesoRaiz', N'', N' ', NULL, NULL, 125)
INSERT [dbo].[CampoSeguimientoJunta] ([CampoSeguimientoJuntaID], [ModuloSeguimientoJuntaID], [Nombre], [NombreIngles], [OrdenUI], [NombreControlUI], [NombreColumnaSp], [DataFormat], [CssColumnaUI], [UsuarioModifica], [FechaModificacion], [AnchoUI]) VALUES (15, 2, N'Soldador Raíz', N'Root Welder', 8, N'litSoldadorSoldadorRaiz', N'SoldaduraSoldadorRaiz', N'', N' ', NULL, NULL, 125)
INSERT [dbo].[CampoSeguimientoJunta] ([CampoSeguimientoJuntaID], [ModuloSeguimientoJuntaID], [Nombre], [NombreIngles], [OrdenUI], [NombreControlUI], [NombreColumnaSp], [DataFormat], [CssColumnaUI], [UsuarioModifica], [FechaModificacion], [AnchoUI]) VALUES (16, 4, N'Fecha', N'Date', 1, N'litInspeccionVisualFecha', N'InspeccionVisualFecha', N'd', N' ', NULL, NULL, 125)
INSERT [dbo].[CampoSeguimientoJunta] ([CampoSeguimientoJuntaID], [ModuloSeguimientoJuntaID], [Nombre], [NombreIngles], [OrdenUI], [NombreControlUI], [NombreColumnaSp], [DataFormat], [CssColumnaUI], [UsuarioModifica], [FechaModificacion], [AnchoUI]) VALUES (17, 4, N'Fecha Reporte', N'Report Date', 2, N'litInspeccionVisualFechaReporte', N'InspeccionVisualFechaReporte', N'd', N' ', NULL, NULL, 125)
INSERT [dbo].[CampoSeguimientoJunta] ([CampoSeguimientoJuntaID], [ModuloSeguimientoJuntaID], [Nombre], [NombreIngles], [OrdenUI], [NombreControlUI], [NombreColumnaSp], [DataFormat], [CssColumnaUI], [UsuarioModifica], [FechaModificacion], [AnchoUI]) VALUES (19, 4, N'Número Reporte', N'Report Number', 3, N'litInspeccionVisualNumeroReporte', N'InspeccionVisualNumeroReporte', N'', N' ', NULL, NULL, 125)
INSERT [dbo].[CampoSeguimientoJunta] ([CampoSeguimientoJuntaID], [ModuloSeguimientoJuntaID], [Nombre], [NombreIngles], [OrdenUI], [NombreControlUI], [NombreColumnaSp], [DataFormat], [CssColumnaUI], [UsuarioModifica], [FechaModificacion], [AnchoUI]) VALUES (20, 4, N'Hoja', N'Sheet', 4, N'litInspeccionVisualHoja', N'InspeccionVisualHoja', N'', N' ', NULL, NULL, 125)
INSERT [dbo].[CampoSeguimientoJunta] ([CampoSeguimientoJuntaID], [ModuloSeguimientoJuntaID], [Nombre], [NombreIngles], [OrdenUI], [NombreControlUI], [NombreColumnaSp], [DataFormat], [CssColumnaUI], [UsuarioModifica], [FechaModificacion], [AnchoUI]) VALUES (21, 4, N'Aprobado', N'Passed', 5, N'ltsInspeccionVisualResultado', N'InspeccionVisualResultado', N'', N' ', NULL, NULL, 125)
INSERT [dbo].[CampoSeguimientoJunta] ([CampoSeguimientoJuntaID], [ModuloSeguimientoJuntaID], [Nombre], [NombreIngles], [OrdenUI], [NombreControlUI], [NombreColumnaSp], [DataFormat], [CssColumnaUI], [UsuarioModifica], [FechaModificacion], [AnchoUI]) VALUES (22, 4, N'Defecto', N'Defect', 6, N'ltsInspeccionVisualDefecto', N'InspeccionVisualDefecto', N'', N' ', NULL, NULL, 125)
INSERT [dbo].[CampoSeguimientoJunta] ([CampoSeguimientoJuntaID], [ModuloSeguimientoJuntaID], [Nombre], [NombreIngles], [OrdenUI], [NombreControlUI], [NombreColumnaSp], [DataFormat], [CssColumnaUI], [UsuarioModifica], [FechaModificacion], [AnchoUI]) VALUES (23, 5, N'Fecha', N'Date', 1, N'ltsInspeccionDimensionalFecha', N'InspeccionDimensionalFecha', N'd', N' ', NULL, NULL, 125)
INSERT [dbo].[CampoSeguimientoJunta] ([CampoSeguimientoJuntaID], [ModuloSeguimientoJuntaID], [Nombre], [NombreIngles], [OrdenUI], [NombreControlUI], [NombreColumnaSp], [DataFormat], [CssColumnaUI], [UsuarioModifica], [FechaModificacion], [AnchoUI]) VALUES (24, 5, N'Fecha Reporte', N'Report Date', 2, N'ltsInspeccionDimensionalFechaReporte', N'InspeccionDimensionalFechaReporte', N'd', N' ', NULL, NULL, 125)
INSERT [dbo].[CampoSeguimientoJunta] ([CampoSeguimientoJuntaID], [ModuloSeguimientoJuntaID], [Nombre], [NombreIngles], [OrdenUI], [NombreControlUI], [NombreColumnaSp], [DataFormat], [CssColumnaUI], [UsuarioModifica], [FechaModificacion], [AnchoUI]) VALUES (25, 5, N'Número Reporte', N'Report Number', 3, N'ltsInspeccionDimensionalNumeroReporte', N'InspeccionDimensionalNumeroReporte', N'', N' ', NULL, NULL, 125)
INSERT [dbo].[CampoSeguimientoJunta] ([CampoSeguimientoJuntaID], [ModuloSeguimientoJuntaID], [Nombre], [NombreIngles], [OrdenUI], [NombreControlUI], [NombreColumnaSp], [DataFormat], [CssColumnaUI], [UsuarioModifica], [FechaModificacion], [AnchoUI]) VALUES (26, 5, N'Hoja', N'Sheet', 4, N'litInspeccionDimensionalHoja', N'InspeccionDimensionalHoja', N'', N' ', NULL, NULL, 125)
INSERT [dbo].[CampoSeguimientoJunta] ([CampoSeguimientoJuntaID], [ModuloSeguimientoJuntaID], [Nombre], [NombreIngles], [OrdenUI], [NombreControlUI], [NombreColumnaSp], [DataFormat], [CssColumnaUI], [UsuarioModifica], [FechaModificacion], [AnchoUI]) VALUES (27, 5, N'Aprobado', N'Passed', 5, N'ltsInspeccionEspesoresResultado', N'InspeccionDimensionalResultado', N'', N' ', NULL, NULL, 125)
INSERT [dbo].[CampoSeguimientoJunta] ([CampoSeguimientoJuntaID], [ModuloSeguimientoJuntaID], [Nombre], [NombreIngles], [OrdenUI], [NombreControlUI], [NombreColumnaSp], [DataFormat], [CssColumnaUI], [UsuarioModifica], [FechaModificacion], [AnchoUI]) VALUES (28, 6, N'Fecha', N'Date', 1, N'ltsInspeccionEspesoresFecha', N'InspeccionEspesoresFecha', N'd', N' ', NULL, NULL, 125)
INSERT [dbo].[CampoSeguimientoJunta] ([CampoSeguimientoJuntaID], [ModuloSeguimientoJuntaID], [Nombre], [NombreIngles], [OrdenUI], [NombreControlUI], [NombreColumnaSp], [DataFormat], [CssColumnaUI], [UsuarioModifica], [FechaModificacion], [AnchoUI]) VALUES (29, 6, N'Fecha Reporte', N'Report Date', 2, N'ltsInspeccionEspesoresFechaReporte', N'InspeccionEspesoresFechaReporte', N'd', N' ', NULL, NULL, 125)
INSERT [dbo].[CampoSeguimientoJunta] ([CampoSeguimientoJuntaID], [ModuloSeguimientoJuntaID], [Nombre], [NombreIngles], [OrdenUI], [NombreControlUI], [NombreColumnaSp], [DataFormat], [CssColumnaUI], [UsuarioModifica], [FechaModificacion], [AnchoUI]) VALUES (30, 6, N'Número Reporte', N'Reporte Number', 3, N'ltsInspeccionEspesoresNumeroReporte', N'InspeccionEspesoresNumeroReporte', N'', N' ', NULL, NULL, 125)
INSERT [dbo].[CampoSeguimientoJunta] ([CampoSeguimientoJuntaID], [ModuloSeguimientoJuntaID], [Nombre], [NombreIngles], [OrdenUI], [NombreControlUI], [NombreColumnaSp], [DataFormat], [CssColumnaUI], [UsuarioModifica], [FechaModificacion], [AnchoUI]) VALUES (31, 6, N'Hoja', N'Sheet', 4, N'ltsInspeccionEspesoresHoja', N'InspeccionEspesoresHoja', N'', N' ', NULL, NULL, 125)
INSERT [dbo].[CampoSeguimientoJunta] ([CampoSeguimientoJuntaID], [ModuloSeguimientoJuntaID], [Nombre], [NombreIngles], [OrdenUI], [NombreControlUI], [NombreColumnaSp], [DataFormat], [CssColumnaUI], [UsuarioModifica], [FechaModificacion], [AnchoUI]) VALUES (32, 6, N'Aprobado', N'Passed', 5, N'ltsInspeccionEspesoresResultado', N'InspeccionEspesoresResultado', N'', N' ', NULL, NULL, 125)
INSERT [dbo].[CampoSeguimientoJunta] ([CampoSeguimientoJuntaID], [ModuloSeguimientoJuntaID], [Nombre], [NombreIngles], [OrdenUI], [NombreControlUI], [NombreColumnaSp], [DataFormat], [CssColumnaUI], [UsuarioModifica], [FechaModificacion], [AnchoUI]) VALUES (33, 7, N'Fecha Requisición', N'Requisition Date', 1, N'ltsPruebaRTFechaRequisicion', N'PruebaRTFechaRequisicion', N'd', N' ', NULL, NULL, 125)
INSERT [dbo].[CampoSeguimientoJunta] ([CampoSeguimientoJuntaID], [ModuloSeguimientoJuntaID], [Nombre], [NombreIngles], [OrdenUI], [NombreControlUI], [NombreColumnaSp], [DataFormat], [CssColumnaUI], [UsuarioModifica], [FechaModificacion], [AnchoUI]) VALUES (34, 7, N'Número Requisición', N'Requisition Number', 2, N'ltsPruebaRTNumeroRequisicion', N'PruebaRTNumeroRequisicion', N'', N' ', NULL, NULL, 125)
INSERT [dbo].[CampoSeguimientoJunta] ([CampoSeguimientoJuntaID], [ModuloSeguimientoJuntaID], [Nombre], [NombreIngles], [OrdenUI], [NombreControlUI], [NombreColumnaSp], [DataFormat], [CssColumnaUI], [UsuarioModifica], [FechaModificacion], [AnchoUI]) VALUES (35, 7, N'Código Requisición', N'Requisition Code', 3, N'ltsPruebaRTCodigoRequisicion', N'PruebaRTCodigoRequisicion', N'', N' ', NULL, NULL, 125)
INSERT [dbo].[CampoSeguimientoJunta] ([CampoSeguimientoJuntaID], [ModuloSeguimientoJuntaID], [Nombre], [NombreIngles], [OrdenUI], [NombreControlUI], [NombreColumnaSp], [DataFormat], [CssColumnaUI], [UsuarioModifica], [FechaModificacion], [AnchoUI]) VALUES (36, 7, N'Fecha Prueba', N'Test Date', 4, N'ltsPruebaRTFechaPrueba', N'PruebaRTFechaPrueba', N'd', N' ', NULL, NULL, 125)
INSERT [dbo].[CampoSeguimientoJunta] ([CampoSeguimientoJuntaID], [ModuloSeguimientoJuntaID], [Nombre], [NombreIngles], [OrdenUI], [NombreControlUI], [NombreColumnaSp], [DataFormat], [CssColumnaUI], [UsuarioModifica], [FechaModificacion], [AnchoUI]) VALUES (37, 7, N'Fecha Reporte', N'Report Date', 5, N'ltsPruebaRTFechaReporte', N'PruebaRTFechaReporte', N'd', N'', NULL, NULL, 125)
INSERT [dbo].[CampoSeguimientoJunta] ([CampoSeguimientoJuntaID], [ModuloSeguimientoJuntaID], [Nombre], [NombreIngles], [OrdenUI], [NombreControlUI], [NombreColumnaSp], [DataFormat], [CssColumnaUI], [UsuarioModifica], [FechaModificacion], [AnchoUI]) VALUES (38, 7, N'Número Reporte', N'Report Number', 6, N'ltsPruebaRTNumeroReporte', N'PruebaRTNumeroReporte', N'', N'', NULL, NULL, 125)
INSERT [dbo].[CampoSeguimientoJunta] ([CampoSeguimientoJuntaID], [ModuloSeguimientoJuntaID], [Nombre], [NombreIngles], [OrdenUI], [NombreControlUI], [NombreColumnaSp], [DataFormat], [CssColumnaUI], [UsuarioModifica], [FechaModificacion], [AnchoUI]) VALUES (39, 7, N'Hoja', N'Sheet', 7, N'ltsPruebaRTHoja', N'PruebaRTHoja', N'', N'', NULL, NULL, 125)
INSERT [dbo].[CampoSeguimientoJunta] ([CampoSeguimientoJuntaID], [ModuloSeguimientoJuntaID], [Nombre], [NombreIngles], [OrdenUI], [NombreControlUI], [NombreColumnaSp], [DataFormat], [CssColumnaUI], [UsuarioModifica], [FechaModificacion], [AnchoUI]) VALUES (40, 7, N'Aprobado', N'Passed', 8, N'ltsPruebaRTResultado', N'PruebaRTResultado', N'', N'', NULL, NULL, 125)
INSERT [dbo].[CampoSeguimientoJunta] ([CampoSeguimientoJuntaID], [ModuloSeguimientoJuntaID], [Nombre], [NombreIngles], [OrdenUI], [NombreControlUI], [NombreColumnaSp], [DataFormat], [CssColumnaUI], [UsuarioModifica], [FechaModificacion], [AnchoUI]) VALUES (41, 7, N'Defecto', N'Defect', 9, N'ltsPruebaRTDefecto', N'PruebaRTDefecto', N'', N'', NULL, NULL, 125)
INSERT [dbo].[CampoSeguimientoJunta] ([CampoSeguimientoJuntaID], [ModuloSeguimientoJuntaID], [Nombre], [NombreIngles], [OrdenUI], [NombreControlUI], [NombreColumnaSp], [DataFormat], [CssColumnaUI], [UsuarioModifica], [FechaModificacion], [AnchoUI]) VALUES (42, 8, N'Fecha Requisición', N'Requisition Date', 1, N'ltsPruebaPTFechaRequisicion', N'PruebaPTFechaRequisicion', N'd', N'', NULL, NULL, 125)
INSERT [dbo].[CampoSeguimientoJunta] ([CampoSeguimientoJuntaID], [ModuloSeguimientoJuntaID], [Nombre], [NombreIngles], [OrdenUI], [NombreControlUI], [NombreColumnaSp], [DataFormat], [CssColumnaUI], [UsuarioModifica], [FechaModificacion], [AnchoUI]) VALUES (43, 8, N'Número Requisición', N'Requisition Number', 2, N'ltsPruebaPTNumeroRequisicion', N'PruebaPTNumeroRequisicion', N'', N'', NULL, NULL, 125)
INSERT [dbo].[CampoSeguimientoJunta] ([CampoSeguimientoJuntaID], [ModuloSeguimientoJuntaID], [Nombre], [NombreIngles], [OrdenUI], [NombreControlUI], [NombreColumnaSp], [DataFormat], [CssColumnaUI], [UsuarioModifica], [FechaModificacion], [AnchoUI]) VALUES (44, 8, N'Código Requisición', N'Requisition Code', 3, N'ltsPruebaPTCodigoRequisicion', N'PruebaPTCodigoRequisicion', N'', N'', NULL, NULL, 125)
INSERT [dbo].[CampoSeguimientoJunta] ([CampoSeguimientoJuntaID], [ModuloSeguimientoJuntaID], [Nombre], [NombreIngles], [OrdenUI], [NombreControlUI], [NombreColumnaSp], [DataFormat], [CssColumnaUI], [UsuarioModifica], [FechaModificacion], [AnchoUI]) VALUES (45, 8, N'Fecha Prueba', N'Test Date', 4, N'ltsPruebaPTFechaPrueba', N'PruebaPTFechaPrueba', N'd', N'', NULL, NULL, 125)
INSERT [dbo].[CampoSeguimientoJunta] ([CampoSeguimientoJuntaID], [ModuloSeguimientoJuntaID], [Nombre], [NombreIngles], [OrdenUI], [NombreControlUI], [NombreColumnaSp], [DataFormat], [CssColumnaUI], [UsuarioModifica], [FechaModificacion], [AnchoUI]) VALUES (46, 8, N'Fecha Reporte', N'Report Date', 5, N'ltsPruebaPTFechaReporte', N'PruebaPTFechaReporte', N'd', N'', NULL, NULL, 125)
INSERT [dbo].[CampoSeguimientoJunta] ([CampoSeguimientoJuntaID], [ModuloSeguimientoJuntaID], [Nombre], [NombreIngles], [OrdenUI], [NombreControlUI], [NombreColumnaSp], [DataFormat], [CssColumnaUI], [UsuarioModifica], [FechaModificacion], [AnchoUI]) VALUES (47, 8, N'Número Reporte', N'Report Number', 6, N'ltsPruebaPTNumeroReporte', N'PruebaPTNumeroReporte', N'', N'', NULL, NULL, 125)
INSERT [dbo].[CampoSeguimientoJunta] ([CampoSeguimientoJuntaID], [ModuloSeguimientoJuntaID], [Nombre], [NombreIngles], [OrdenUI], [NombreControlUI], [NombreColumnaSp], [DataFormat], [CssColumnaUI], [UsuarioModifica], [FechaModificacion], [AnchoUI]) VALUES (48, 8, N'Hoja', N'Sheet', 7, N'ltsPruebaPTHoja', N'PruebaPTHoja', N'', N'', NULL, NULL, 125)
INSERT [dbo].[CampoSeguimientoJunta] ([CampoSeguimientoJuntaID], [ModuloSeguimientoJuntaID], [Nombre], [NombreIngles], [OrdenUI], [NombreControlUI], [NombreColumnaSp], [DataFormat], [CssColumnaUI], [UsuarioModifica], [FechaModificacion], [AnchoUI]) VALUES (49, 8, N'Aprobado', N'Passed', 8, N'ltsPruebaPTResultado', N'PruebaPTResultado', N'', N'', NULL, NULL, 125)
INSERT [dbo].[CampoSeguimientoJunta] ([CampoSeguimientoJuntaID], [ModuloSeguimientoJuntaID], [Nombre], [NombreIngles], [OrdenUI], [NombreControlUI], [NombreColumnaSp], [DataFormat], [CssColumnaUI], [UsuarioModifica], [FechaModificacion], [AnchoUI]) VALUES (50, 8, N'Defecto', N'Defect', 9, N'ltsPruebaPTDefecto', N'PruebaPTDefecto', N'', N'', NULL, NULL, 125)
INSERT [dbo].[CampoSeguimientoJunta] ([CampoSeguimientoJuntaID], [ModuloSeguimientoJuntaID], [Nombre], [NombreIngles], [OrdenUI], [NombreControlUI], [NombreColumnaSp], [DataFormat], [CssColumnaUI], [UsuarioModifica], [FechaModificacion], [AnchoUI]) VALUES (51, 9, N'Fecha Requisición', N'Requisition Date', 1, N'ltsTratamientoPwhtFechaRequisicion', N'TratamientoPwhtFechaRequisicion', N'd', N'', NULL, NULL, 125)
INSERT [dbo].[CampoSeguimientoJunta] ([CampoSeguimientoJuntaID], [ModuloSeguimientoJuntaID], [Nombre], [NombreIngles], [OrdenUI], [NombreControlUI], [NombreColumnaSp], [DataFormat], [CssColumnaUI], [UsuarioModifica], [FechaModificacion], [AnchoUI]) VALUES (52, 9, N'Número Requisición', N'Requisition Number', 2, N'ltsTratamientoPwhtNumeroRequisicion', N'TratamientoPwhtNumeroRequisicion', N'', N'', NULL, NULL, 125)
INSERT [dbo].[CampoSeguimientoJunta] ([CampoSeguimientoJuntaID], [ModuloSeguimientoJuntaID], [Nombre], [NombreIngles], [OrdenUI], [NombreControlUI], [NombreColumnaSp], [DataFormat], [CssColumnaUI], [UsuarioModifica], [FechaModificacion], [AnchoUI]) VALUES (53, 9, N'Codigo Requisición', N'Requisition Code', 3, N'ltsTratamientoPwhtCodigoRequisicion', N'TratamientoPwhtCodigoRequisicion', N'', N'', NULL, NULL, 125)
INSERT [dbo].[CampoSeguimientoJunta] ([CampoSeguimientoJuntaID], [ModuloSeguimientoJuntaID], [Nombre], [NombreIngles], [OrdenUI], [NombreControlUI], [NombreColumnaSp], [DataFormat], [CssColumnaUI], [UsuarioModifica], [FechaModificacion], [AnchoUI]) VALUES (54, 9, N'Fecha Tratamiento', N'Treatment Date', 4, N'ltsTratamientoPwhtFechaTratamiento', N'TratamientoPwhtFechaTratamiento', N'd', N'', NULL, NULL, 125)
INSERT [dbo].[CampoSeguimientoJunta] ([CampoSeguimientoJuntaID], [ModuloSeguimientoJuntaID], [Nombre], [NombreIngles], [OrdenUI], [NombreControlUI], [NombreColumnaSp], [DataFormat], [CssColumnaUI], [UsuarioModifica], [FechaModificacion], [AnchoUI]) VALUES (55, 9, N'Fecha Reporte', N'Report Date', 5, N'ltsTratamientoPwhtFechaReporte', N'TratamientoPwhtFechaReporte', N'd', N'', NULL, NULL, 125)
INSERT [dbo].[CampoSeguimientoJunta] ([CampoSeguimientoJuntaID], [ModuloSeguimientoJuntaID], [Nombre], [NombreIngles], [OrdenUI], [NombreControlUI], [NombreColumnaSp], [DataFormat], [CssColumnaUI], [UsuarioModifica], [FechaModificacion], [AnchoUI]) VALUES (56, 9, N'Número Reporte', N'Report Number', 6, N'ltsTratamientoPwhtNumeroReporte', N'TratamientoPwhtNumeroReporte', N'', N'', NULL, NULL, 125)
INSERT [dbo].[CampoSeguimientoJunta] ([CampoSeguimientoJuntaID], [ModuloSeguimientoJuntaID], [Nombre], [NombreIngles], [OrdenUI], [NombreControlUI], [NombreColumnaSp], [DataFormat], [CssColumnaUI], [UsuarioModifica], [FechaModificacion], [AnchoUI]) VALUES (57, 9, N'Hoja', N'Sheet', 7, N'ltsTratamientoPwhtHoja', N'TratamientoPwhtHoja', N'', N'', NULL, NULL, 125)
INSERT [dbo].[CampoSeguimientoJunta] ([CampoSeguimientoJuntaID], [ModuloSeguimientoJuntaID], [Nombre], [NombreIngles], [OrdenUI], [NombreControlUI], [NombreColumnaSp], [DataFormat], [CssColumnaUI], [UsuarioModifica], [FechaModificacion], [AnchoUI]) VALUES (58, 9, N'Grafica', N'Graphic', 8, N'ltsTratamientoPwhtGrafica', N'TratamientoPwhtGrafica', N'', N'', NULL, NULL, 125)
INSERT [dbo].[CampoSeguimientoJunta] ([CampoSeguimientoJuntaID], [ModuloSeguimientoJuntaID], [Nombre], [NombreIngles], [OrdenUI], [NombreControlUI], [NombreColumnaSp], [DataFormat], [CssColumnaUI], [UsuarioModifica], [FechaModificacion], [AnchoUI]) VALUES (59, 9, N'Aprobado', N'Passed', 9, N'ltsTratamientoPwhtResultado', N'TratamientoPwhtResultado', N'', N'', NULL, NULL, 125)
INSERT [dbo].[CampoSeguimientoJunta] ([CampoSeguimientoJuntaID], [ModuloSeguimientoJuntaID], [Nombre], [NombreIngles], [OrdenUI], [NombreControlUI], [NombreColumnaSp], [DataFormat], [CssColumnaUI], [UsuarioModifica], [FechaModificacion], [AnchoUI]) VALUES (60, 10, N'Fecha Requisición', N'Requisition Date', 1, N'ltsTratamientoDurezasFechaRequisicion', N'TratamientoDurezasFechaRequisicion', N'd', N'', NULL, NULL, 125)
INSERT [dbo].[CampoSeguimientoJunta] ([CampoSeguimientoJuntaID], [ModuloSeguimientoJuntaID], [Nombre], [NombreIngles], [OrdenUI], [NombreControlUI], [NombreColumnaSp], [DataFormat], [CssColumnaUI], [UsuarioModifica], [FechaModificacion], [AnchoUI]) VALUES (61, 10, N'Número Requisición', N'Requisition Number', 2, N'ltsTratamientoDurezasNumeroRequisicion', N'TratamientoDurezasNumeroRequisicion', N'', N'', NULL, NULL, 125)
INSERT [dbo].[CampoSeguimientoJunta] ([CampoSeguimientoJuntaID], [ModuloSeguimientoJuntaID], [Nombre], [NombreIngles], [OrdenUI], [NombreControlUI], [NombreColumnaSp], [DataFormat], [CssColumnaUI], [UsuarioModifica], [FechaModificacion], [AnchoUI]) VALUES (62, 10, N'Código Requisición', N'Requisition Code', 3, N'ltsTratamientoDurezasCodigoRequisicion', N'TratamientoDurezasCodigoRequisicion', N'', N'', NULL, NULL, 125)
INSERT [dbo].[CampoSeguimientoJunta] ([CampoSeguimientoJuntaID], [ModuloSeguimientoJuntaID], [Nombre], [NombreIngles], [OrdenUI], [NombreControlUI], [NombreColumnaSp], [DataFormat], [CssColumnaUI], [UsuarioModifica], [FechaModificacion], [AnchoUI]) VALUES (63, 10, N'Fecha Tratamiento', N'Treatment Date', 4, N'ltsTratamientoDurezasFechaTratamiento', N'TratamientoDurezasFechaTratamiento', N'd', N'', NULL, NULL, 125)
INSERT [dbo].[CampoSeguimientoJunta] ([CampoSeguimientoJuntaID], [ModuloSeguimientoJuntaID], [Nombre], [NombreIngles], [OrdenUI], [NombreControlUI], [NombreColumnaSp], [DataFormat], [CssColumnaUI], [UsuarioModifica], [FechaModificacion], [AnchoUI]) VALUES (64, 10, N'Fecha Reporte', N'Report Date', 5, N'ltsTratamientoDurezasFechaReporte', N'TratamientoDurezasFechaReporte', N'd', N'', NULL, NULL, 125)
INSERT [dbo].[CampoSeguimientoJunta] ([CampoSeguimientoJuntaID], [ModuloSeguimientoJuntaID], [Nombre], [NombreIngles], [OrdenUI], [NombreControlUI], [NombreColumnaSp], [DataFormat], [CssColumnaUI], [UsuarioModifica], [FechaModificacion], [AnchoUI]) VALUES (65, 10, N'Número Reporte', N'Report Number', 6, N'ltsTratamientoDurezasNumeroReporte', N'TratamientoDurezasNumeroReporte', N'', N'', NULL, NULL, 125)
INSERT [dbo].[CampoSeguimientoJunta] ([CampoSeguimientoJuntaID], [ModuloSeguimientoJuntaID], [Nombre], [NombreIngles], [OrdenUI], [NombreControlUI], [NombreColumnaSp], [DataFormat], [CssColumnaUI], [UsuarioModifica], [FechaModificacion], [AnchoUI]) VALUES (66, 10, N'Hoja', N'Sheet', 7, N'ltsTratamientoDurezasHoja', N'TratamientoDurezasHoja', N'', N'', NULL, NULL, 125)
INSERT [dbo].[CampoSeguimientoJunta] ([CampoSeguimientoJuntaID], [ModuloSeguimientoJuntaID], [Nombre], [NombreIngles], [OrdenUI], [NombreControlUI], [NombreColumnaSp], [DataFormat], [CssColumnaUI], [UsuarioModifica], [FechaModificacion], [AnchoUI]) VALUES (67, 10, N'Grafica', N'Graphic', 8, N'ltsTratamientoDurezasGrafica', N'TratamientoDurezasGrafica', N'', N'', NULL, NULL, 125)
INSERT [dbo].[CampoSeguimientoJunta] ([CampoSeguimientoJuntaID], [ModuloSeguimientoJuntaID], [Nombre], [NombreIngles], [OrdenUI], [NombreControlUI], [NombreColumnaSp], [DataFormat], [CssColumnaUI], [UsuarioModifica], [FechaModificacion], [AnchoUI]) VALUES (68, 10, N'Aprobado', N'Passed', 9, N'ltsTratamientoDurezasResultado', N'TratamientoDurezasResultado', N'', N'', NULL, NULL, 125)
INSERT [dbo].[CampoSeguimientoJunta] ([CampoSeguimientoJuntaID], [ModuloSeguimientoJuntaID], [Nombre], [NombreIngles], [OrdenUI], [NombreControlUI], [NombreColumnaSp], [DataFormat], [CssColumnaUI], [UsuarioModifica], [FechaModificacion], [AnchoUI]) VALUES (69, 11, N'Fecha Requisición', N'Requisition Date', 1, N'ltsPruebaRTPostTTFechaRequisicion', N'PruebaRTPostTTFechaRequisicion', N'd', N'', NULL, NULL, 125)
INSERT [dbo].[CampoSeguimientoJunta] ([CampoSeguimientoJuntaID], [ModuloSeguimientoJuntaID], [Nombre], [NombreIngles], [OrdenUI], [NombreControlUI], [NombreColumnaSp], [DataFormat], [CssColumnaUI], [UsuarioModifica], [FechaModificacion], [AnchoUI]) VALUES (70, 11, N'Número Requisición', N'Requisition Number', 2, N'ltsPruebaRTPostTTNumeroRequisicion', N'PruebaRTPostTTNumeroRequisicion', N'', N'', NULL, NULL, 125)
INSERT [dbo].[CampoSeguimientoJunta] ([CampoSeguimientoJuntaID], [ModuloSeguimientoJuntaID], [Nombre], [NombreIngles], [OrdenUI], [NombreControlUI], [NombreColumnaSp], [DataFormat], [CssColumnaUI], [UsuarioModifica], [FechaModificacion], [AnchoUI]) VALUES (71, 11, N'Código Requisición', N'Requisition Code', 3, N'ltsPruebaRTPostTTCodigoRequisicion', N'PruebaRTPostTTCodigoRequisicion', N'', N'', NULL, NULL, 125)
INSERT [dbo].[CampoSeguimientoJunta] ([CampoSeguimientoJuntaID], [ModuloSeguimientoJuntaID], [Nombre], [NombreIngles], [OrdenUI], [NombreControlUI], [NombreColumnaSp], [DataFormat], [CssColumnaUI], [UsuarioModifica], [FechaModificacion], [AnchoUI]) VALUES (72, 11, N'Fecha Prueba', N'Test Date', 4, N'ltsPruebaRTPostTTFechaPrueba', N'PruebaRTPostTTFechaPrueba', N'd', N'', NULL, NULL, 125)
INSERT [dbo].[CampoSeguimientoJunta] ([CampoSeguimientoJuntaID], [ModuloSeguimientoJuntaID], [Nombre], [NombreIngles], [OrdenUI], [NombreControlUI], [NombreColumnaSp], [DataFormat], [CssColumnaUI], [UsuarioModifica], [FechaModificacion], [AnchoUI]) VALUES (73, 11, N'Fecha Reporte', N'Report Date', 5, N'ltsPruebaRTPostTTFechaReporte', N'PruebaRTPostTTFechaReporte', N'd', N'', NULL, NULL, 125)
INSERT [dbo].[CampoSeguimientoJunta] ([CampoSeguimientoJuntaID], [ModuloSeguimientoJuntaID], [Nombre], [NombreIngles], [OrdenUI], [NombreControlUI], [NombreColumnaSp], [DataFormat], [CssColumnaUI], [UsuarioModifica], [FechaModificacion], [AnchoUI]) VALUES (74, 11, N'Número Reporte', N'Report Number', 6, N'ltsPruebaRTPostTTNumeroReporte', N'PruebaRTPostTTNumeroReporte', N'', N'', NULL, NULL, 125)
INSERT [dbo].[CampoSeguimientoJunta] ([CampoSeguimientoJuntaID], [ModuloSeguimientoJuntaID], [Nombre], [NombreIngles], [OrdenUI], [NombreControlUI], [NombreColumnaSp], [DataFormat], [CssColumnaUI], [UsuarioModifica], [FechaModificacion], [AnchoUI]) VALUES (75, 11, N'Hoja', N'Sheet', 7, N'ltsPruebaPTPostTTHoja', N'PruebaRTPostTTHoja', N'', N'', NULL, NULL, 125)
INSERT [dbo].[CampoSeguimientoJunta] ([CampoSeguimientoJuntaID], [ModuloSeguimientoJuntaID], [Nombre], [NombreIngles], [OrdenUI], [NombreControlUI], [NombreColumnaSp], [DataFormat], [CssColumnaUI], [UsuarioModifica], [FechaModificacion], [AnchoUI]) VALUES (76, 11, N'Aprobado', N'Passed', 8, N'ltsPruebaRTPostTTResultado', N'PruebaRTPostTTResultado', N'', N'', NULL, NULL, 125)
INSERT [dbo].[CampoSeguimientoJunta] ([CampoSeguimientoJuntaID], [ModuloSeguimientoJuntaID], [Nombre], [NombreIngles], [OrdenUI], [NombreControlUI], [NombreColumnaSp], [DataFormat], [CssColumnaUI], [UsuarioModifica], [FechaModificacion], [AnchoUI]) VALUES (77, 11, N'Defecto', N'Defect', 9, N'ltsPruebaRTPostTTDefecto', N'PruebaRTPostTTDefecto', N'', N'', NULL, NULL, 125)
INSERT [dbo].[CampoSeguimientoJunta] ([CampoSeguimientoJuntaID], [ModuloSeguimientoJuntaID], [Nombre], [NombreIngles], [OrdenUI], [NombreControlUI], [NombreColumnaSp], [DataFormat], [CssColumnaUI], [UsuarioModifica], [FechaModificacion], [AnchoUI]) VALUES (78, 12, N'Fecha Requisición', N'Requisition Date', 1, N'ltsPruebaPTPostTTFechaRequisicion', N'PruebaPTPostTTFechaRequisicion', N'd', N'', NULL, NULL, 125)
INSERT [dbo].[CampoSeguimientoJunta] ([CampoSeguimientoJuntaID], [ModuloSeguimientoJuntaID], [Nombre], [NombreIngles], [OrdenUI], [NombreControlUI], [NombreColumnaSp], [DataFormat], [CssColumnaUI], [UsuarioModifica], [FechaModificacion], [AnchoUI]) VALUES (79, 12, N'Número Requisición', N'Requisition Number', 2, N'ltsPruebaPTPostTTNumeroRequisicion', N'PruebaPTPostTTNumeroRequisicion', N'', N'', NULL, NULL, 125)
INSERT [dbo].[CampoSeguimientoJunta] ([CampoSeguimientoJuntaID], [ModuloSeguimientoJuntaID], [Nombre], [NombreIngles], [OrdenUI], [NombreControlUI], [NombreColumnaSp], [DataFormat], [CssColumnaUI], [UsuarioModifica], [FechaModificacion], [AnchoUI]) VALUES (80, 12, N'Código Requisición', N'Requisition Code', 3, N'ltsPruebaPTPostTTCodigoRequisicion', N'PruebaPTPostTTCodigoRequisicion', N'', N'', NULL, NULL, 125)
INSERT [dbo].[CampoSeguimientoJunta] ([CampoSeguimientoJuntaID], [ModuloSeguimientoJuntaID], [Nombre], [NombreIngles], [OrdenUI], [NombreControlUI], [NombreColumnaSp], [DataFormat], [CssColumnaUI], [UsuarioModifica], [FechaModificacion], [AnchoUI]) VALUES (81, 12, N'Fecha Prueba', N'Test Date', 4, N'ltsPruebaPTPostTTFechaPrueba', N'PruebaPTPostTTFechaPrueba', N'd', N'', NULL, NULL, 125)
INSERT [dbo].[CampoSeguimientoJunta] ([CampoSeguimientoJuntaID], [ModuloSeguimientoJuntaID], [Nombre], [NombreIngles], [OrdenUI], [NombreControlUI], [NombreColumnaSp], [DataFormat], [CssColumnaUI], [UsuarioModifica], [FechaModificacion], [AnchoUI]) VALUES (82, 12, N'Fecha Reporte', N'Report Date', 5, N'ltsPruebaPTPostTTFechaReporte', N'PruebaPTPostTTFechaReporte', N'd', N'', NULL, NULL, 125)
INSERT [dbo].[CampoSeguimientoJunta] ([CampoSeguimientoJuntaID], [ModuloSeguimientoJuntaID], [Nombre], [NombreIngles], [OrdenUI], [NombreControlUI], [NombreColumnaSp], [DataFormat], [CssColumnaUI], [UsuarioModifica], [FechaModificacion], [AnchoUI]) VALUES (83, 12, N'Número Reporte', N'Report Number', 6, N'ltsPruebaPTPostTTNumeroReporte', N'PruebaPTPostTTNumeroReporte', N'', N'', NULL, NULL, 125)
INSERT [dbo].[CampoSeguimientoJunta] ([CampoSeguimientoJuntaID], [ModuloSeguimientoJuntaID], [Nombre], [NombreIngles], [OrdenUI], [NombreControlUI], [NombreColumnaSp], [DataFormat], [CssColumnaUI], [UsuarioModifica], [FechaModificacion], [AnchoUI]) VALUES (84, 12, N'Hoja', N'Sheet', 7, N'ltsPruebaPTHoja', N'PruebaPTPostTTHoja', N'', N'', NULL, NULL, 125)
INSERT [dbo].[CampoSeguimientoJunta] ([CampoSeguimientoJuntaID], [ModuloSeguimientoJuntaID], [Nombre], [NombreIngles], [OrdenUI], [NombreControlUI], [NombreColumnaSp], [DataFormat], [CssColumnaUI], [UsuarioModifica], [FechaModificacion], [AnchoUI]) VALUES (85, 12, N'Aprobado', N'Passed', 8, N'ltsPruebaPTPostTTResultado', N'PruebaPTPostTTResultado', N'', N'', NULL, NULL, 125)
INSERT [dbo].[CampoSeguimientoJunta] ([CampoSeguimientoJuntaID], [ModuloSeguimientoJuntaID], [Nombre], [NombreIngles], [OrdenUI], [NombreControlUI], [NombreColumnaSp], [DataFormat], [CssColumnaUI], [UsuarioModifica], [FechaModificacion], [AnchoUI]) VALUES (86, 12, N'Defecto', N'Defect', 9, N'ltsPruebaPTPostTTDefecto', N'PruebaPTPostTTDefecto', N'', N'', NULL, NULL, 125)
INSERT [dbo].[CampoSeguimientoJunta] ([CampoSeguimientoJuntaID], [ModuloSeguimientoJuntaID], [Nombre], [NombreIngles], [OrdenUI], [NombreControlUI], [NombreColumnaSp], [DataFormat], [CssColumnaUI], [UsuarioModifica], [FechaModificacion], [AnchoUI]) VALUES (87, 13, N'Fecha Requisición', N'Requisition Date', 1, N'ltsTratamientoPreHeatFechaRequisicion', N'TratamientoPreHeatFechaRequisicion', N'd', N'', NULL, NULL, 125)
INSERT [dbo].[CampoSeguimientoJunta] ([CampoSeguimientoJuntaID], [ModuloSeguimientoJuntaID], [Nombre], [NombreIngles], [OrdenUI], [NombreControlUI], [NombreColumnaSp], [DataFormat], [CssColumnaUI], [UsuarioModifica], [FechaModificacion], [AnchoUI]) VALUES (88, 13, N'Número Requisición', N'Requisition Number', 2, N'ltsTratamientoPreHeatNumeroRequisicion', N'TratamientoPreHeatNumeroRequisicion', N'', N'', NULL, NULL, 125)
INSERT [dbo].[CampoSeguimientoJunta] ([CampoSeguimientoJuntaID], [ModuloSeguimientoJuntaID], [Nombre], [NombreIngles], [OrdenUI], [NombreControlUI], [NombreColumnaSp], [DataFormat], [CssColumnaUI], [UsuarioModifica], [FechaModificacion], [AnchoUI]) VALUES (89, 13, N'Codigo Requisición', N'Requisition Code', 3, N'ltsTratamientoPreHeatCodigoRequisicion', N'TratamientoPreHeatCodigoRequisicion', N'', N'', NULL, NULL, 125)
INSERT [dbo].[CampoSeguimientoJunta] ([CampoSeguimientoJuntaID], [ModuloSeguimientoJuntaID], [Nombre], [NombreIngles], [OrdenUI], [NombreControlUI], [NombreColumnaSp], [DataFormat], [CssColumnaUI], [UsuarioModifica], [FechaModificacion], [AnchoUI]) VALUES (90, 13, N'Fecha Tratamiento', N'Treatment Date', 4, N'ltsTratamientoPreHeatFechaTratamiento', N'TratamientoPreHeatFechaTratamiento', N'd', N'', NULL, NULL, 125)
INSERT [dbo].[CampoSeguimientoJunta] ([CampoSeguimientoJuntaID], [ModuloSeguimientoJuntaID], [Nombre], [NombreIngles], [OrdenUI], [NombreControlUI], [NombreColumnaSp], [DataFormat], [CssColumnaUI], [UsuarioModifica], [FechaModificacion], [AnchoUI]) VALUES (91, 13, N'Fecha Reporte', N'Report Date', 5, N'ltsTratamientoPreHeatFechaReporte', N'TratamientoPreHeatFechaReporte', N'd', N'', NULL, NULL, 125)
INSERT [dbo].[CampoSeguimientoJunta] ([CampoSeguimientoJuntaID], [ModuloSeguimientoJuntaID], [Nombre], [NombreIngles], [OrdenUI], [NombreControlUI], [NombreColumnaSp], [DataFormat], [CssColumnaUI], [UsuarioModifica], [FechaModificacion], [AnchoUI]) VALUES (92, 13, N'Número Reporte', N'Report Number', 6, N'ltsTratamientoPreHeatNumeroReporte', N'TratamientoPreHeatNumeroReporte', N'', N'', NULL, NULL, 125)
INSERT [dbo].[CampoSeguimientoJunta] ([CampoSeguimientoJuntaID], [ModuloSeguimientoJuntaID], [Nombre], [NombreIngles], [OrdenUI], [NombreControlUI], [NombreColumnaSp], [DataFormat], [CssColumnaUI], [UsuarioModifica], [FechaModificacion], [AnchoUI]) VALUES (93, 13, N'Hoja', N'Sheet', 7, N'ltsTratamientoPreHeatHoja', N'TratamientoPreHeatHoja', N'', N'', NULL, NULL, 125)
INSERT [dbo].[CampoSeguimientoJunta] ([CampoSeguimientoJuntaID], [ModuloSeguimientoJuntaID], [Nombre], [NombreIngles], [OrdenUI], [NombreControlUI], [NombreColumnaSp], [DataFormat], [CssColumnaUI], [UsuarioModifica], [FechaModificacion], [AnchoUI]) VALUES (94, 13, N'Grafica', N'Graphic', 8, N'ltsTratamientoPreHeatGrafica', N'TratamientoPreHeatGrafica', N'', N'', NULL, NULL, 125)
INSERT [dbo].[CampoSeguimientoJunta] ([CampoSeguimientoJuntaID], [ModuloSeguimientoJuntaID], [Nombre], [NombreIngles], [OrdenUI], [NombreControlUI], [NombreColumnaSp], [DataFormat], [CssColumnaUI], [UsuarioModifica], [FechaModificacion], [AnchoUI]) VALUES (95, 13, N'Aprobado', N'Passed', 9, N'ltsTratamientoPreHeatResultado', N'TratamientoPreHeatResultado', N'', N'', NULL, NULL, 125)
INSERT [dbo].[CampoSeguimientoJunta] ([CampoSeguimientoJuntaID], [ModuloSeguimientoJuntaID], [Nombre], [NombreIngles], [OrdenUI], [NombreControlUI], [NombreColumnaSp], [DataFormat], [CssColumnaUI], [UsuarioModifica], [FechaModificacion], [AnchoUI]) VALUES (96, 14, N'Fecha Requisición', N'Requisition Date', 1, N'ltsPruebaUTFechaRequisicion', N'PruebaUTFechaRequisicion', N'd', N'', NULL, NULL, 125)
INSERT [dbo].[CampoSeguimientoJunta] ([CampoSeguimientoJuntaID], [ModuloSeguimientoJuntaID], [Nombre], [NombreIngles], [OrdenUI], [NombreControlUI], [NombreColumnaSp], [DataFormat], [CssColumnaUI], [UsuarioModifica], [FechaModificacion], [AnchoUI]) VALUES (97, 14, N'Número Requisición', N'Requisition Number', 2, N'ltsPruebaUTNumeroRequisicion', N'PruebaUTNumeroRequisicion', N'', N'', NULL, NULL, 125)
INSERT [dbo].[CampoSeguimientoJunta] ([CampoSeguimientoJuntaID], [ModuloSeguimientoJuntaID], [Nombre], [NombreIngles], [OrdenUI], [NombreControlUI], [NombreColumnaSp], [DataFormat], [CssColumnaUI], [UsuarioModifica], [FechaModificacion], [AnchoUI]) VALUES (98, 14, N'Código Requisición', N'Requisition Code', 3, N'ltsPruebaUTCodigoRequisicion', N'PruebaUTCodigoRequisicion', N'', N'', NULL, NULL, 125)
INSERT [dbo].[CampoSeguimientoJunta] ([CampoSeguimientoJuntaID], [ModuloSeguimientoJuntaID], [Nombre], [NombreIngles], [OrdenUI], [NombreControlUI], [NombreColumnaSp], [DataFormat], [CssColumnaUI], [UsuarioModifica], [FechaModificacion], [AnchoUI]) VALUES (99, 14, N'Fecha Prueba', N'Test Date', 4, N'ltsPruebaUTFechaPrueba', N'PruebaUTFechaPrueba', N'd', N'', NULL, NULL, 125)
INSERT [dbo].[CampoSeguimientoJunta] ([CampoSeguimientoJuntaID], [ModuloSeguimientoJuntaID], [Nombre], [NombreIngles], [OrdenUI], [NombreControlUI], [NombreColumnaSp], [DataFormat], [CssColumnaUI], [UsuarioModifica], [FechaModificacion], [AnchoUI]) VALUES (100, 14, N'Fecha Reporte', N'Report Date', 5, N'ltsPruebaUTFechaReporte', N'PruebaUTFechaReporte', N'd', N'', NULL, NULL, 125)
INSERT [dbo].[CampoSeguimientoJunta] ([CampoSeguimientoJuntaID], [ModuloSeguimientoJuntaID], [Nombre], [NombreIngles], [OrdenUI], [NombreControlUI], [NombreColumnaSp], [DataFormat], [CssColumnaUI], [UsuarioModifica], [FechaModificacion], [AnchoUI]) VALUES (101, 14, N'Número Reporte', N'Report Number', 6, N'ltsPruebaUTNumeroReporte', N'PruebaUTNumeroReporte', N'', N'', NULL, NULL, 125)
INSERT [dbo].[CampoSeguimientoJunta] ([CampoSeguimientoJuntaID], [ModuloSeguimientoJuntaID], [Nombre], [NombreIngles], [OrdenUI], [NombreControlUI], [NombreColumnaSp], [DataFormat], [CssColumnaUI], [UsuarioModifica], [FechaModificacion], [AnchoUI]) VALUES (102, 14, N'Hoja', N'Sheet', 7, N'ltsPruebaUTHoja', N'PruebaUTHoja', N'', N'', NULL, NULL, 125)
INSERT [dbo].[CampoSeguimientoJunta] ([CampoSeguimientoJuntaID], [ModuloSeguimientoJuntaID], [Nombre], [NombreIngles], [OrdenUI], [NombreControlUI], [NombreColumnaSp], [DataFormat], [CssColumnaUI], [UsuarioModifica], [FechaModificacion], [AnchoUI]) VALUES (103, 14, N'Aprobado', N'Passed', 8, N'ltsPruebaUTResultado', N'PruebaUTResultado', N'', N'', NULL, NULL, 125)
INSERT [dbo].[CampoSeguimientoJunta] ([CampoSeguimientoJuntaID], [ModuloSeguimientoJuntaID], [Nombre], [NombreIngles], [OrdenUI], [NombreControlUI], [NombreColumnaSp], [DataFormat], [CssColumnaUI], [UsuarioModifica], [FechaModificacion], [AnchoUI]) VALUES (104, 14, N'Defecto', N'Defect', 9, N'ltsPruebaUTDefecto', N'PruebaUTDefecto', N'', N'', NULL, NULL, 125)
INSERT [dbo].[CampoSeguimientoJunta] ([CampoSeguimientoJuntaID], [ModuloSeguimientoJuntaID], [Nombre], [NombreIngles], [OrdenUI], [NombreControlUI], [NombreColumnaSp], [DataFormat], [CssColumnaUI], [UsuarioModifica], [FechaModificacion], [AnchoUI]) VALUES (105, 15, N'Fecha Requisición', N'Requisition Date', 1, N'litPinturaFechaRequisicion', N'PinturaFechaRequisicion', N'd', N' ', NULL, NULL, 125)
INSERT [dbo].[CampoSeguimientoJunta] ([CampoSeguimientoJuntaID], [ModuloSeguimientoJuntaID], [Nombre], [NombreIngles], [OrdenUI], [NombreControlUI], [NombreColumnaSp], [DataFormat], [CssColumnaUI], [UsuarioModifica], [FechaModificacion], [AnchoUI]) VALUES (106, 15, N'Número Requisición', N'Requisition Number', 2, N'litPinturaNumeroRequisicion', N'PinturaNumeroRequisicion', N'', N' ', NULL, NULL, 125)
INSERT [dbo].[CampoSeguimientoJunta] ([CampoSeguimientoJuntaID], [ModuloSeguimientoJuntaID], [Nombre], [NombreIngles], [OrdenUI], [NombreControlUI], [NombreColumnaSp], [DataFormat], [CssColumnaUI], [UsuarioModifica], [FechaModificacion], [AnchoUI]) VALUES (107, 15, N'Sistema', N'System', 3, N'litPinturaSistema', N'PinturaSistema', N'', N' ', NULL, NULL, 125)
INSERT [dbo].[CampoSeguimientoJunta] ([CampoSeguimientoJuntaID], [ModuloSeguimientoJuntaID], [Nombre], [NombreIngles], [OrdenUI], [NombreControlUI], [NombreColumnaSp], [DataFormat], [CssColumnaUI], [UsuarioModifica], [FechaModificacion], [AnchoUI]) VALUES (108, 15, N'Color', N'Color', 4, N'litPinturaColor', N'PinturaColor', N'', N' ', NULL, NULL, 125)
INSERT [dbo].[CampoSeguimientoJunta] ([CampoSeguimientoJuntaID], [ModuloSeguimientoJuntaID], [Nombre], [NombreIngles], [OrdenUI], [NombreControlUI], [NombreColumnaSp], [DataFormat], [CssColumnaUI], [UsuarioModifica], [FechaModificacion], [AnchoUI]) VALUES (109, 15, N'Código', N'Code', 5, N'litPinturaCodigo', N'PinturaCodigo', N'', N' ', NULL, NULL, 125)
INSERT [dbo].[CampoSeguimientoJunta] ([CampoSeguimientoJuntaID], [ModuloSeguimientoJuntaID], [Nombre], [NombreIngles], [OrdenUI], [NombreControlUI], [NombreColumnaSp], [DataFormat], [CssColumnaUI], [UsuarioModifica], [FechaModificacion], [AnchoUI]) VALUES (110, 15, N'Fecha Sand Blast', N'Sand Blast Date', 6, N'litPinturaFechaSendBlast', N'PinturaFechaSendBlast', N'd', N' ', NULL, NULL, 125)
INSERT [dbo].[CampoSeguimientoJunta] ([CampoSeguimientoJuntaID], [ModuloSeguimientoJuntaID], [Nombre], [NombreIngles], [OrdenUI], [NombreControlUI], [NombreColumnaSp], [DataFormat], [CssColumnaUI], [UsuarioModifica], [FechaModificacion], [AnchoUI]) VALUES (111, 15, N'Reporte Sand Blast', N'Sand Blast Report', 7, N'litPinturaReporteSendBlast', N'PinturaReporteSendBlast', N'', N' ', NULL, NULL, 125)
INSERT [dbo].[CampoSeguimientoJunta] ([CampoSeguimientoJuntaID], [ModuloSeguimientoJuntaID], [Nombre], [NombreIngles], [OrdenUI], [NombreControlUI], [NombreColumnaSp], [DataFormat], [CssColumnaUI], [UsuarioModifica], [FechaModificacion], [AnchoUI]) VALUES (112, 15, N'Fecha Primarios', N'Primary Date', 8, N'litPinturaFechaPrimarios', N'PinturaFechaPrimarios', N'd', N' ', NULL, NULL, 125)
INSERT [dbo].[CampoSeguimientoJunta] ([CampoSeguimientoJuntaID], [ModuloSeguimientoJuntaID], [Nombre], [NombreIngles], [OrdenUI], [NombreControlUI], [NombreColumnaSp], [DataFormat], [CssColumnaUI], [UsuarioModifica], [FechaModificacion], [AnchoUI]) VALUES (113, 15, N'Reporte Primarios', N'Primary Report', 9, N'litPinturaReportePrimarios', N'PinturaReportePrimarios', N'', N' ', NULL, NULL, 125)
INSERT [dbo].[CampoSeguimientoJunta] ([CampoSeguimientoJuntaID], [ModuloSeguimientoJuntaID], [Nombre], [NombreIngles], [OrdenUI], [NombreControlUI], [NombreColumnaSp], [DataFormat], [CssColumnaUI], [UsuarioModifica], [FechaModificacion], [AnchoUI]) VALUES (114, 15, N'Fecha Intermedios', N'Intermediate Date', 10, N'litPinturaFechaIntermedios', N'PinturaFechaIntermedios', N'd', N' ', NULL, NULL, 125)
INSERT [dbo].[CampoSeguimientoJunta] ([CampoSeguimientoJuntaID], [ModuloSeguimientoJuntaID], [Nombre], [NombreIngles], [OrdenUI], [NombreControlUI], [NombreColumnaSp], [DataFormat], [CssColumnaUI], [UsuarioModifica], [FechaModificacion], [AnchoUI]) VALUES (115, 15, N'Reporte Intermedios', N'Intermediate Report', 11, N'litPinturaReporteIntermedios', N'PinturaReporteIntermedios', N'', N' ', NULL, NULL, 125)
INSERT [dbo].[CampoSeguimientoJunta] ([CampoSeguimientoJuntaID], [ModuloSeguimientoJuntaID], [Nombre], [NombreIngles], [OrdenUI], [NombreControlUI], [NombreColumnaSp], [DataFormat], [CssColumnaUI], [UsuarioModifica], [FechaModificacion], [AnchoUI]) VALUES (116, 15, N'Fecha Acabado Visual', N'Visual Finish Date', 12, N'litPinturaFechaAcabadoVisual', N'PinturaFechaAcabadoVisual', N'd', N' ', NULL, NULL, 125)
INSERT [dbo].[CampoSeguimientoJunta] ([CampoSeguimientoJuntaID], [ModuloSeguimientoJuntaID], [Nombre], [NombreIngles], [OrdenUI], [NombreControlUI], [NombreColumnaSp], [DataFormat], [CssColumnaUI], [UsuarioModifica], [FechaModificacion], [AnchoUI]) VALUES (117, 15, N'Reporte Acabado Visual', N'Visual Finish Report', 13, N'litPinturaReporteAcabadoVisual', N'PinturaReporteAcabadoVisual', N'', N' ', NULL, NULL, 125)
INSERT [dbo].[CampoSeguimientoJunta] ([CampoSeguimientoJuntaID], [ModuloSeguimientoJuntaID], [Nombre], [NombreIngles], [OrdenUI], [NombreControlUI], [NombreColumnaSp], [DataFormat], [CssColumnaUI], [UsuarioModifica], [FechaModificacion], [AnchoUI]) VALUES (118, 15, N'Fecha Adherencia', N'Bond Date', 14, N'litPinturaFechaAdherencia', N'PinturaFechaAdherencia', N'd', N' ', NULL, NULL, 125)
INSERT [dbo].[CampoSeguimientoJunta] ([CampoSeguimientoJuntaID], [ModuloSeguimientoJuntaID], [Nombre], [NombreIngles], [OrdenUI], [NombreControlUI], [NombreColumnaSp], [DataFormat], [CssColumnaUI], [UsuarioModifica], [FechaModificacion], [AnchoUI]) VALUES (119, 15, N'Reporte Adherencia', N'Bond Report', 15, N'litPinturaReporteAdherencia', N'PinturaReporteAdherencia', N'', N' ', NULL, NULL, 125)
INSERT [dbo].[CampoSeguimientoJunta] ([CampoSeguimientoJuntaID], [ModuloSeguimientoJuntaID], [Nombre], [NombreIngles], [OrdenUI], [NombreControlUI], [NombreColumnaSp], [DataFormat], [CssColumnaUI], [UsuarioModifica], [FechaModificacion], [AnchoUI]) VALUES (120, 15, N'Fecha Pull Off', N'Pull Off Date', 16, N'litPinturaFechaPullOff', N'PinturaFechaPullOff', N'd', N' ', NULL, NULL, 125)
INSERT [dbo].[CampoSeguimientoJunta] ([CampoSeguimientoJuntaID], [ModuloSeguimientoJuntaID], [Nombre], [NombreIngles], [OrdenUI], [NombreControlUI], [NombreColumnaSp], [DataFormat], [CssColumnaUI], [UsuarioModifica], [FechaModificacion], [AnchoUI]) VALUES (121, 16, N'Etiqueta', N'Label', 1, N'litEmbarqueEtiqueta', N'EmbarqueEtiqueta', N'', N' ', NULL, NULL, 125)
INSERT [dbo].[CampoSeguimientoJunta] ([CampoSeguimientoJuntaID], [ModuloSeguimientoJuntaID], [Nombre], [NombreIngles], [OrdenUI], [NombreControlUI], [NombreColumnaSp], [DataFormat], [CssColumnaUI], [UsuarioModifica], [FechaModificacion], [AnchoUI]) VALUES (122, 16, N'Fecha Etiqueta', N'Label Date', 2, N'litEmbarqueFechaEtiqueta', N'EmbarqueFechaEtiqueta', N'd', N' ', NULL, NULL, 125)
INSERT [dbo].[CampoSeguimientoJunta] ([CampoSeguimientoJuntaID], [ModuloSeguimientoJuntaID], [Nombre], [NombreIngles], [OrdenUI], [NombreControlUI], [NombreColumnaSp], [DataFormat], [CssColumnaUI], [UsuarioModifica], [FechaModificacion], [AnchoUI]) VALUES (123, 16, N'Fecha Preparación', N'Preparation Date', 3, N'litEmbarqueFechaPreparacion', N'EmbarqueFechaPreparacion', N'd', N' ', NULL, NULL, 125)
INSERT [dbo].[CampoSeguimientoJunta] ([CampoSeguimientoJuntaID], [ModuloSeguimientoJuntaID], [Nombre], [NombreIngles], [OrdenUI], [NombreControlUI], [NombreColumnaSp], [DataFormat], [CssColumnaUI], [UsuarioModifica], [FechaModificacion], [AnchoUI]) VALUES (124, 16, N'Fecha Embarque', N'Shipment Date', 4, N'litEmbarqueFechaEmbarque', N'EmbarqueFechaEmbarque', N'd', N' ', NULL, NULL, 125)
INSERT [dbo].[CampoSeguimientoJunta] ([CampoSeguimientoJuntaID], [ModuloSeguimientoJuntaID], [Nombre], [NombreIngles], [OrdenUI], [NombreControlUI], [NombreColumnaSp], [DataFormat], [CssColumnaUI], [UsuarioModifica], [FechaModificacion], [AnchoUI]) VALUES (125, 16, N'Número Embarque', N'Shipping Number', 5, N'litEmbarqueNumeroEmbarque', N'EmbarqueNumeroEmbarque', N'', N' ', NULL, NULL, 125)
INSERT [dbo].[CampoSeguimientoJunta] ([CampoSeguimientoJuntaID], [ModuloSeguimientoJuntaID], [Nombre], [NombreIngles], [OrdenUI], [NombreControlUI], [NombreColumnaSp], [DataFormat], [CssColumnaUI], [UsuarioModifica], [FechaModificacion], [AnchoUI]) VALUES (126, 17, N'Proyecto', N'Project', 1, N'litProyecto', N'GeneralProyecto', N'', N' ', NULL, NULL, 125)
INSERT [dbo].[CampoSeguimientoJunta] ([CampoSeguimientoJuntaID], [ModuloSeguimientoJuntaID], [Nombre], [NombreIngles], [OrdenUI], [NombreControlUI], [NombreColumnaSp], [DataFormat], [CssColumnaUI], [UsuarioModifica], [FechaModificacion], [AnchoUI]) VALUES (127, 17, N'Orden de Trabajo', N'Work Order', 2, N'litOrdenDeTrabajo', N'GeneralOrdenDeTrabajo', N'', N' ', NULL, NULL, 125)
INSERT [dbo].[CampoSeguimientoJunta] ([CampoSeguimientoJuntaID], [ModuloSeguimientoJuntaID], [Nombre], [NombreIngles], [OrdenUI], [NombreControlUI], [NombreColumnaSp], [DataFormat], [CssColumnaUI], [UsuarioModifica], [FechaModificacion], [AnchoUI]) VALUES (128, 17, N'Número Control', N'Control #', 3, N'litNumeroDeControl', N'GeneralNumeroDeControl', N'', N' ', NULL, NULL, 125)
INSERT [dbo].[CampoSeguimientoJunta] ([CampoSeguimientoJuntaID], [ModuloSeguimientoJuntaID], [Nombre], [NombreIngles], [OrdenUI], [NombreControlUI], [NombreColumnaSp], [DataFormat], [CssColumnaUI], [UsuarioModifica], [FechaModificacion], [AnchoUI]) VALUES (129, 17, N'Spool', N'Spool', 4, N'litSpool', N'GeneralSpool', N'', N' ', NULL, NULL, 125)
INSERT [dbo].[CampoSeguimientoJunta] ([CampoSeguimientoJuntaID], [ModuloSeguimientoJuntaID], [Nombre], [NombreIngles], [OrdenUI], [NombreControlUI], [NombreColumnaSp], [DataFormat], [CssColumnaUI], [UsuarioModifica], [FechaModificacion], [AnchoUI]) VALUES (130, 17, N'Junta', N'Joint', 5, N'litJunta', N'GeneralJunta', N'', N' ', NULL, NULL, 125)
INSERT [dbo].[CampoSeguimientoJunta] ([CampoSeguimientoJuntaID], [ModuloSeguimientoJuntaID], [Nombre], [NombreIngles], [OrdenUI], [NombreControlUI], [NombreColumnaSp], [DataFormat], [CssColumnaUI], [UsuarioModifica], [FechaModificacion], [AnchoUI]) VALUES (131, 17, N'Tipo Junta', N'Type of Joint', 6, N'litTipoJunta', N'GeneralTipoJunta', N'', N' ', NULL, NULL, 125)
INSERT [dbo].[CampoSeguimientoJunta] ([CampoSeguimientoJuntaID], [ModuloSeguimientoJuntaID], [Nombre], [NombreIngles], [OrdenUI], [NombreControlUI], [NombreColumnaSp], [DataFormat], [CssColumnaUI], [UsuarioModifica], [FechaModificacion], [AnchoUI]) VALUES (132, 17, N'Diámetro', N'Diameter', 7, N'litDiametro', N'GeneralDiametro', N'0#.###', N' ', NULL, NULL, 125)
INSERT [dbo].[CampoSeguimientoJunta] ([CampoSeguimientoJuntaID], [ModuloSeguimientoJuntaID], [Nombre], [NombreIngles], [OrdenUI], [NombreControlUI], [NombreColumnaSp], [DataFormat], [CssColumnaUI], [UsuarioModifica], [FechaModificacion], [AnchoUI]) VALUES (133, 17, N'Cedula', N'Schedule', 8, N'litCedula', N'GeneralCedula', N'', N' ', NULL, NULL, 125)
INSERT [dbo].[CampoSeguimientoJunta] ([CampoSeguimientoJuntaID], [ModuloSeguimientoJuntaID], [Nombre], [NombreIngles], [OrdenUI], [NombreControlUI], [NombreColumnaSp], [DataFormat], [CssColumnaUI], [UsuarioModifica], [FechaModificacion], [AnchoUI]) VALUES (134, 17, N'Espesor', N'Thickness', 9, N'litEspesor', N'GeneralEspesor', N'', N' ', NULL, NULL, 125)
INSERT [dbo].[CampoSeguimientoJunta] ([CampoSeguimientoJuntaID], [ModuloSeguimientoJuntaID], [Nombre], [NombreIngles], [OrdenUI], [NombreControlUI], [NombreColumnaSp], [DataFormat], [CssColumnaUI], [UsuarioModifica], [FechaModificacion], [AnchoUI]) VALUES (135, 17, N'Localización', N'Location', 10, N'litLocalizacion', N'GeneralLocalizacion', N'', N' ', NULL, NULL, 125)
INSERT [dbo].[CampoSeguimientoJunta] ([CampoSeguimientoJuntaID], [ModuloSeguimientoJuntaID], [Nombre], [NombreIngles], [OrdenUI], [NombreControlUI], [NombreColumnaSp], [DataFormat], [CssColumnaUI], [UsuarioModifica], [FechaModificacion], [AnchoUI]) VALUES (136, 17, N'Ultimo Proceso', N'Last Process', 11, N'litUltimoProceso', N'GeneralUltimoProceso', N'', N' ', NULL, NULL, 125)
INSERT [dbo].[CampoSeguimientoJunta] ([CampoSeguimientoJuntaID], [ModuloSeguimientoJuntaID], [Nombre], [NombreIngles], [OrdenUI], [NombreControlUI], [NombreColumnaSp], [DataFormat], [CssColumnaUI], [UsuarioModifica], [FechaModificacion], [AnchoUI]) VALUES (137, 17, N'¿Hold?', N'On Hold?', 12, N'litTieneHold', N'GeneralTieneHold', N'', N' ', NULL, NULL, 125)
INSERT [dbo].[CampoSeguimientoJunta] ([CampoSeguimientoJuntaID], [ModuloSeguimientoJuntaID], [Nombre], [NombreIngles], [OrdenUI], [NombreControlUI], [NombreColumnaSp], [DataFormat], [CssColumnaUI], [UsuarioModifica], [FechaModificacion], [AnchoUI]) VALUES (138, 15, N'Reporte Pull Off', N'Pull Off Report', 17, N'', N'PinturaReportePullOff', N'', N' ', NULL, NULL, 125)
INSERT [dbo].[CampoSeguimientoJunta] ([CampoSeguimientoJuntaID], [ModuloSeguimientoJuntaID], [Nombre], [NombreIngles], [OrdenUI], [NombreControlUI], [NombreColumnaSp], [DataFormat], [CssColumnaUI], [UsuarioModifica], [FechaModificacion], [AnchoUI]) VALUES (139, 17, N'IC Mat1', N'IC Mat1', 13, N'', N'CodigoItemCodeMaterial1', N'', N'', NULL, NULL, 125)
INSERT [dbo].[CampoSeguimientoJunta] ([CampoSeguimientoJuntaID], [ModuloSeguimientoJuntaID], [Nombre], [NombreIngles], [OrdenUI], [NombreControlUI], [NombreColumnaSp], [DataFormat], [CssColumnaUI], [UsuarioModifica], [FechaModificacion], [AnchoUI]) VALUES (140, 17, N'Desc Mat 1', N'Desc Mat 1', 13, N'', N'DescripcionItemCodeMaterial1', N'', N'', NULL, NULL, 375)
INSERT [dbo].[CampoSeguimientoJunta] ([CampoSeguimientoJuntaID], [ModuloSeguimientoJuntaID], [Nombre], [NombreIngles], [OrdenUI], [NombreControlUI], [NombreColumnaSp], [DataFormat], [CssColumnaUI], [UsuarioModifica], [FechaModificacion], [AnchoUI]) VALUES (141, 17, N'IC Mat2', N'IC Mat2', 13, N'', N'CodigoItemCodeMaterial2', N'', N'', NULL, NULL, 125)
INSERT [dbo].[CampoSeguimientoJunta] ([CampoSeguimientoJuntaID], [ModuloSeguimientoJuntaID], [Nombre], [NombreIngles], [OrdenUI], [NombreControlUI], [NombreColumnaSp], [DataFormat], [CssColumnaUI], [UsuarioModifica], [FechaModificacion], [AnchoUI]) VALUES (142, 17, N'Desc Mat 2', N'Desc Mat 2', 13, N'', N'DescripcionItemCodeMaterial2', N'', N'', NULL, NULL, 375)
SET IDENTITY_INSERT [dbo].[CampoSeguimientoJunta] OFF

INSERT [dbo].[Modulo] ([ModuloID], [Nombre], [NombreIngles], [Descripcion], [UsuarioModifica], [FechaModificacion]) VALUES (1, N'Work Status', N'Work Status', NULL, NULL, NULL)
INSERT [dbo].[Modulo] ([ModuloID], [Nombre], [NombreIngles], [Descripcion], [UsuarioModifica], [FechaModificacion]) VALUES (2, N'Materiales', N'Materials', NULL, NULL, NULL)
INSERT [dbo].[Modulo] ([ModuloID], [Nombre], [NombreIngles], [Descripcion], [UsuarioModifica], [FechaModificacion]) VALUES (3, N'Ingeniería', N'Engineer', NULL, NULL, NULL)
INSERT [dbo].[Modulo] ([ModuloID], [Nombre], [NombreIngles], [Descripcion], [UsuarioModifica], [FechaModificacion]) VALUES (4, N'Producción', N'Production', NULL, NULL, NULL)
INSERT [dbo].[Modulo] ([ModuloID], [Nombre], [NombreIngles], [Descripcion], [UsuarioModifica], [FechaModificacion]) VALUES (5, N'Calidad', N'Quality', NULL, NULL, NULL)
INSERT [dbo].[Modulo] ([ModuloID], [Nombre], [NombreIngles], [Descripcion], [UsuarioModifica], [FechaModificacion]) VALUES (6, N'Proyectos', N'Projects', NULL, NULL, NULL)
INSERT [dbo].[Modulo] ([ModuloID], [Nombre], [NombreIngles], [Descripcion], [UsuarioModifica], [FechaModificacion]) VALUES (7, N'Catálogos', N'Master tables', NULL, NULL, NULL)
INSERT [dbo].[Modulo] ([ModuloID], [Nombre], [NombreIngles], [Descripcion], [UsuarioModifica], [FechaModificacion]) VALUES (8, N'Administración', N'Administration', NULL, NULL, NULL)
INSERT [dbo].[Modulo] ([ModuloID], [Nombre], [NombreIngles], [Descripcion], [UsuarioModifica], [FechaModificacion]) VALUES (9, N'Hand-Held', N'Hand-Held', NULL, NULL, NULL)

SET IDENTITY_INSERT [dbo].[FabArea] ON
INSERT [dbo].[FabArea] ([FabAreaID], [Codigo], [Nombre], [UsuarioModifica], [FechaModificacion]) VALUES (1, N'SHOP', NULL, NULL, NULL)
INSERT [dbo].[FabArea] ([FabAreaID], [Codigo], [Nombre], [UsuarioModifica], [FechaModificacion]) VALUES (2, N'FIELD', NULL, NULL, NULL)
INSERT [dbo].[FabArea] ([FabAreaID], [Codigo], [Nombre], [UsuarioModifica], [FechaModificacion]) VALUES (3, N'OFFSHORE', NULL, NULL, NULL)
SET IDENTITY_INSERT [dbo].[FabArea] OFF

INSERT [dbo].[EstatusOrden] ([EstatusOrdenID], [Nombre], [NombreIngles], [UsuarioModifica], [FechaModificacion]) VALUES (1, N'Activa', N'Active', NULL, NULL)
INSERT [dbo].[EstatusOrden] ([EstatusOrdenID], [Nombre], [NombreIngles], [UsuarioModifica], [FechaModificacion]) VALUES (2, N'Cancelada', N'Canceled', NULL, NULL)

INSERT [dbo].[ConceptoEstimacion] ([ConceptoEstimacionID], [Nombre], [NombreIngles], [Orden], [AplicaParaJunta], [AplicaParaSpool], [UsuarioModifica], [FechaModificacion]) VALUES (1, N'Soldadura', N'Welding', NULL, 1, 0, NULL, NULL)
INSERT [dbo].[ConceptoEstimacion] ([ConceptoEstimacionID], [Nombre], [NombreIngles], [Orden], [AplicaParaJunta], [AplicaParaSpool], [UsuarioModifica], [FechaModificacion]) VALUES (2, N'Liberación dimensional aprobada', N'Dimensional liberation approved', NULL, 0, 1, NULL, NULL)
INSERT [dbo].[ConceptoEstimacion] ([ConceptoEstimacionID], [Nombre], [NombreIngles], [Orden], [AplicaParaJunta], [AplicaParaSpool], [UsuarioModifica], [FechaModificacion]) VALUES (3, N'Soldadura + embarque', N'Welding + shipment', NULL, 1, 1, NULL, NULL)
INSERT [dbo].[ConceptoEstimacion] ([ConceptoEstimacionID], [Nombre], [NombreIngles], [Orden], [AplicaParaJunta], [AplicaParaSpool], [UsuarioModifica], [FechaModificacion]) VALUES (4, N'RT aprobada', N'RT approved', NULL, 1, 0, NULL, NULL)
INSERT [dbo].[ConceptoEstimacion] ([ConceptoEstimacionID], [Nombre], [NombreIngles], [Orden], [AplicaParaJunta], [AplicaParaSpool], [UsuarioModifica], [FechaModificacion]) VALUES (5, N'RT aprobada + embarque', N'RT approved + shipment', NULL, 1, 1, NULL, NULL)
INSERT [dbo].[ConceptoEstimacion] ([ConceptoEstimacionID], [Nombre], [NombreIngles], [Orden], [AplicaParaJunta], [AplicaParaSpool], [UsuarioModifica], [FechaModificacion]) VALUES (6, N'RT post-TT aprobada', N'RT post-TT approved', NULL, 1, 0, NULL, NULL)
INSERT [dbo].[ConceptoEstimacion] ([ConceptoEstimacionID], [Nombre], [NombreIngles], [Orden], [AplicaParaJunta], [AplicaParaSpool], [UsuarioModifica], [FechaModificacion]) VALUES (7, N'RT post-TT aprobada + embarque', N'RT post-TT approved + shipment', NULL, 1, 1, NULL, NULL)
INSERT [dbo].[ConceptoEstimacion] ([ConceptoEstimacionID], [Nombre], [NombreIngles], [Orden], [AplicaParaJunta], [AplicaParaSpool], [UsuarioModifica], [FechaModificacion]) VALUES (8, N'PT aprobada', N'PT approved', NULL, 1, 0, NULL, NULL)
INSERT [dbo].[ConceptoEstimacion] ([ConceptoEstimacionID], [Nombre], [NombreIngles], [Orden], [AplicaParaJunta], [AplicaParaSpool], [UsuarioModifica], [FechaModificacion]) VALUES (9, N'PT aprobada + embarque', N'PT approved + shipment', NULL, 1, 1, NULL, NULL)
INSERT [dbo].[ConceptoEstimacion] ([ConceptoEstimacionID], [Nombre], [NombreIngles], [Orden], [AplicaParaJunta], [AplicaParaSpool], [UsuarioModifica], [FechaModificacion]) VALUES (10, N'PT post-TT aprobada', N'PT post-TT approved', NULL, 1, 0, NULL, NULL)
INSERT [dbo].[ConceptoEstimacion] ([ConceptoEstimacionID], [Nombre], [NombreIngles], [Orden], [AplicaParaJunta], [AplicaParaSpool], [UsuarioModifica], [FechaModificacion]) VALUES (11, N'PT post-TT aprobada + embarque', N'PT post-TT approved + shipment', NULL, 1, 1, NULL, NULL)
INSERT [dbo].[ConceptoEstimacion] ([ConceptoEstimacionID], [Nombre], [NombreIngles], [Orden], [AplicaParaJunta], [AplicaParaSpool], [UsuarioModifica], [FechaModificacion]) VALUES (12, N'PWHT aprobada', N'PWHT approved', NULL, 1, 0, NULL, NULL)
INSERT [dbo].[ConceptoEstimacion] ([ConceptoEstimacionID], [Nombre], [NombreIngles], [Orden], [AplicaParaJunta], [AplicaParaSpool], [UsuarioModifica], [FechaModificacion]) VALUES (13, N'Durezas', N'Hardness', NULL, 1, 0, NULL, NULL)
INSERT [dbo].[ConceptoEstimacion] ([ConceptoEstimacionID], [Nombre], [NombreIngles], [Orden], [AplicaParaJunta], [AplicaParaSpool], [UsuarioModifica], [FechaModificacion]) VALUES (14, N'Espesores', N'Thickness', NULL, 0, 1, NULL, NULL)
INSERT [dbo].[ConceptoEstimacion] ([ConceptoEstimacionID], [Nombre], [NombreIngles], [Orden], [AplicaParaJunta], [AplicaParaSpool], [UsuarioModifica], [FechaModificacion]) VALUES (15, N'Pintura acabado', N'Pintura acabado-en', NULL, 0, 1, NULL, NULL)
INSERT [dbo].[ConceptoEstimacion] ([ConceptoEstimacionID], [Nombre], [NombreIngles], [Orden], [AplicaParaJunta], [AplicaParaSpool], [UsuarioModifica], [FechaModificacion]) VALUES (16, N'Pintura enlace', N'Pintura enlace-en', NULL, 0, 1, NULL, NULL)
INSERT [dbo].[ConceptoEstimacion] ([ConceptoEstimacionID], [Nombre], [NombreIngles], [Orden], [AplicaParaJunta], [AplicaParaSpool], [UsuarioModifica], [FechaModificacion]) VALUES (17, N'Pintura primario', N'Pintura primario-en', NULL, 0, 1, NULL, NULL)
INSERT [dbo].[ConceptoEstimacion] ([ConceptoEstimacionID], [Nombre], [NombreIngles], [Orden], [AplicaParaJunta], [AplicaParaSpool], [UsuarioModifica], [FechaModificacion]) VALUES (18, N'Pintura sand blast', N'Pintura sand blast-en', NULL, 0, 1, NULL, NULL)

INSERT [dbo].[Color] ([ColorID], [Nombre], [NombreIngles], [CodigoHexadecimal], [UsuarioModifica], [FechaModificacion]) VALUES (1, N'Negro', N'Black', N'#000000', N'd6a113b4-464e-496f-b15d-4456cb0ae55b', NULL)
INSERT [dbo].[Color] ([ColorID], [Nombre], [NombreIngles], [CodigoHexadecimal], [UsuarioModifica], [FechaModificacion]) VALUES (2, N'Café', N'Brown', N'#b97a57', N'd6a113b4-464e-496f-b15d-4456cb0ae55b', NULL)
INSERT [dbo].[Color] ([ColorID], [Nombre], [NombreIngles], [CodigoHexadecimal], [UsuarioModifica], [FechaModificacion]) VALUES (3, N'Verde', N'Green', N'#339933', N'd6a113b4-464e-496f-b15d-4456cb0ae55b', NULL)
INSERT [dbo].[Color] ([ColorID], [Nombre], [NombreIngles], [CodigoHexadecimal], [UsuarioModifica], [FechaModificacion]) VALUES (4, N'Olivo', N'Olive', N'#999966', N'd6a113b4-464e-496f-b15d-4456cb0ae55b', NULL)
INSERT [dbo].[Color] ([ColorID], [Nombre], [NombreIngles], [CodigoHexadecimal], [UsuarioModifica], [FechaModificacion]) VALUES (5, N'Marino', N'Dark blue', N'#333399', N'd6a113b4-464e-496f-b15d-4456cb0ae55b', NULL)
INSERT [dbo].[Color] ([ColorID], [Nombre], [NombreIngles], [CodigoHexadecimal], [UsuarioModifica], [FechaModificacion]) VALUES (6, N'Púrpura', N'Purple', N'#993399', N'd6a113b4-464e-496f-b15d-4456cb0ae55b', NULL)
INSERT [dbo].[Color] ([ColorID], [Nombre], [NombreIngles], [CodigoHexadecimal], [UsuarioModifica], [FechaModificacion]) VALUES (7, N'Turquesa', N'Turquoise', N'#339999', N'd6a113b4-464e-496f-b15d-4456cb0ae55b', NULL)
INSERT [dbo].[Color] ([ColorID], [Nombre], [NombreIngles], [CodigoHexadecimal], [UsuarioModifica], [FechaModificacion]) VALUES (8, N'Plata', N'Silver', N'#b2b2b2', N'd6a113b4-464e-496f-b15d-4456cb0ae55b', NULL)
INSERT [dbo].[Color] ([ColorID], [Nombre], [NombreIngles], [CodigoHexadecimal], [UsuarioModifica], [FechaModificacion]) VALUES (9, N'Gris', N'Gray', N'#666666', N'd6a113b4-464e-496f-b15d-4456cb0ae55b', NULL)
INSERT [dbo].[Color] ([ColorID], [Nombre], [NombreIngles], [CodigoHexadecimal], [UsuarioModifica], [FechaModificacion]) VALUES (10, N'Rojo', N'Red', N'#ff0000', NULL, NULL)
INSERT [dbo].[Color] ([ColorID], [Nombre], [NombreIngles], [CodigoHexadecimal], [UsuarioModifica], [FechaModificacion]) VALUES (11, N'Lima', N'Lime', N'#66ff33', NULL, NULL)
INSERT [dbo].[Color] ([ColorID], [Nombre], [NombreIngles], [CodigoHexadecimal], [UsuarioModifica], [FechaModificacion]) VALUES (12, N'Amarillo', N'Yellow', N'#ffff66', NULL, NULL)
INSERT [dbo].[Color] ([ColorID], [Nombre], [NombreIngles], [CodigoHexadecimal], [UsuarioModifica], [FechaModificacion]) VALUES (13, N'Azul', N'Blue', N'#0033ff', NULL, NULL)
INSERT [dbo].[Color] ([ColorID], [Nombre], [NombreIngles], [CodigoHexadecimal], [UsuarioModifica], [FechaModificacion]) VALUES (14, N'Blanco', N'White', N'#ffffff', NULL, NULL)

INSERT [dbo].[UltimoProceso] ([UltimoProcesoID], [Nombre], [NombreIngles], [UsuarioModifica], [FechaModificacion]) VALUES (1, N'Armado', N'Assembly', NULL, NULL)
INSERT [dbo].[UltimoProceso] ([UltimoProcesoID], [Nombre], [NombreIngles], [UsuarioModifica], [FechaModificacion]) VALUES (2, N'Soldado', N'Welding', NULL, NULL)
INSERT [dbo].[UltimoProceso] ([UltimoProcesoID], [Nombre], [NombreIngles], [UsuarioModifica], [FechaModificacion]) VALUES (3, N'Inspección visual', N'Visual inspection', NULL, NULL)
INSERT [dbo].[UltimoProceso] ([UltimoProcesoID], [Nombre], [NombreIngles], [UsuarioModifica], [FechaModificacion]) VALUES (4, N'Inspección dimensional', N'Dimensional inspection', NULL, NULL)
INSERT [dbo].[UltimoProceso] ([UltimoProcesoID], [Nombre], [NombreIngles], [UsuarioModifica], [FechaModificacion]) VALUES (5, N'Requisición de PND', N'NDT request', NULL, NULL)
INSERT [dbo].[UltimoProceso] ([UltimoProcesoID], [Nombre], [NombreIngles], [UsuarioModifica], [FechaModificacion]) VALUES (6, N'PNDs', N'NDTs', NULL, NULL)
INSERT [dbo].[UltimoProceso] ([UltimoProcesoID], [Nombre], [NombreIngles], [UsuarioModifica], [FechaModificacion]) VALUES (7, N'Pruebas TT', N'TT Tests', NULL, NULL)
INSERT [dbo].[UltimoProceso] ([UltimoProcesoID], [Nombre], [NombreIngles], [UsuarioModifica], [FechaModificacion]) VALUES (8, N'Requisición de pintura', N'Painting request', NULL, NULL)
INSERT [dbo].[UltimoProceso] ([UltimoProcesoID], [Nombre], [NombreIngles], [UsuarioModifica], [FechaModificacion]) VALUES (9, N'Pintura', N'Painting', NULL, NULL)
INSERT [dbo].[UltimoProceso] ([UltimoProcesoID], [Nombre], [NombreIngles], [UsuarioModifica], [FechaModificacion]) VALUES (10, N'Certificación', N'Certification', NULL, NULL)
INSERT [dbo].[UltimoProceso] ([UltimoProcesoID], [Nombre], [NombreIngles], [UsuarioModifica], [FechaModificacion]) VALUES (11, N'Embarque', N'Shipment', NULL, NULL)

INSERT [dbo].[TipoReporteProyecto] ([TipoReporteProyectoID], [Nombre], [NombreIngles], [OrdenUI], [UsuarioModifica], [FechaModificacion]) VALUES (1, N'Armado', N'Armado-en', 1, NULL, NULL)
INSERT [dbo].[TipoReporteProyecto] ([TipoReporteProyectoID], [Nombre], [NombreIngles], [OrdenUI], [UsuarioModifica], [FechaModificacion]) VALUES (2, N'Soldadura', N'Soldadura-en', 2, NULL, NULL)
INSERT [dbo].[TipoReporteProyecto] ([TipoReporteProyectoID], [Nombre], [NombreIngles], [OrdenUI], [UsuarioModifica], [FechaModificacion]) VALUES (3, N'Inspeccion Visual', N'Inspeccion Visual-en', 3, NULL, NULL)
INSERT [dbo].[TipoReporteProyecto] ([TipoReporteProyectoID], [Nombre], [NombreIngles], [OrdenUI], [UsuarioModifica], [FechaModificacion]) VALUES (4, N'Liberacion Dimensional', N'Liberacion Dimensional-en', 4, NULL, NULL)
INSERT [dbo].[TipoReporteProyecto] ([TipoReporteProyectoID], [Nombre], [NombreIngles], [OrdenUI], [UsuarioModifica], [FechaModificacion]) VALUES (5, N'Espesores', N'Espesores-en', 5, NULL, NULL)
INSERT [dbo].[TipoReporteProyecto] ([TipoReporteProyectoID], [Nombre], [NombreIngles], [OrdenUI], [UsuarioModifica], [FechaModificacion]) VALUES (6, N'Requisiciones', N'Requisiciones-en', 6, NULL, NULL)
INSERT [dbo].[TipoReporteProyecto] ([TipoReporteProyectoID], [Nombre], [NombreIngles], [OrdenUI], [UsuarioModifica], [FechaModificacion]) VALUES (7, N'RT', N'RT', 7, NULL, NULL)
INSERT [dbo].[TipoReporteProyecto] ([TipoReporteProyectoID], [Nombre], [NombreIngles], [OrdenUI], [UsuarioModifica], [FechaModificacion]) VALUES (8, N'PT', N'PT', 8, NULL, NULL)
INSERT [dbo].[TipoReporteProyecto] ([TipoReporteProyectoID], [Nombre], [NombreIngles], [OrdenUI], [UsuarioModifica], [FechaModificacion]) VALUES (9, N'PWHT', N'PWHT', 9, NULL, NULL)
INSERT [dbo].[TipoReporteProyecto] ([TipoReporteProyectoID], [Nombre], [NombreIngles], [OrdenUI], [UsuarioModifica], [FechaModificacion]) VALUES (10, N'Pintura', N'Pintura-en', 10, NULL, NULL)
INSERT [dbo].[TipoReporteProyecto] ([TipoReporteProyectoID], [Nombre], [NombreIngles], [OrdenUI], [UsuarioModifica], [FechaModificacion]) VALUES (11, N'Durezas', N'Durezas-en', 11, NULL, NULL)
INSERT [dbo].[TipoReporteProyecto] ([TipoReporteProyectoID], [Nombre], [NombreIngles], [OrdenUI], [UsuarioModifica], [FechaModificacion]) VALUES (12, N'Embarque', N'Embarque-en', 12, NULL, NULL)

INSERT [dbo].[TipoReporteDimensional] ([TipoReporteDimensionalID], [Nombre], [NombreIngles], [UsuarioModifica], [FechaModificacion]) VALUES (1, N'Inspección dimensional', N'Dimensional inspection', NULL, NULL)
INSERT [dbo].[TipoReporteDimensional] ([TipoReporteDimensionalID], [Nombre], [NombreIngles], [UsuarioModifica], [FechaModificacion]) VALUES (2, N'Inspección de espesores', N'Thickness inspection', NULL, NULL)

INSERT [dbo].[TipoRechazo] ([TipoRechazoID], [Nombre], [NombreIngles], [UsuarioModifica], [FechaModificacion]) VALUES (1, N'Sector', N'Sector', NULL, NULL)
INSERT [dbo].[TipoRechazo] ([TipoRechazoID], [Nombre], [NombreIngles], [UsuarioModifica], [FechaModificacion]) VALUES (2, N'Cuadrante', N'Quadrant', NULL, NULL)

INSERT [dbo].[TipoPrueba] ([TipoPruebaID], [Nombre], [NombreIngles], [Categoria], [UsuarioModifica], [FechaModificacion]) VALUES (1, N'Reporte de RT', N'RT Report', N'PND', NULL, NULL)
INSERT [dbo].[TipoPrueba] ([TipoPruebaID], [Nombre], [NombreIngles], [Categoria], [UsuarioModifica], [FechaModificacion]) VALUES (2, N'Reporte de PT', N'PT Report', N'PND', NULL, NULL)
INSERT [dbo].[TipoPrueba] ([TipoPruebaID], [Nombre], [NombreIngles], [Categoria], [UsuarioModifica], [FechaModificacion]) VALUES (3, N'PWHT', N'PWHT', N'TT', NULL, NULL)
INSERT [dbo].[TipoPrueba] ([TipoPruebaID], [Nombre], [NombreIngles], [Categoria], [UsuarioModifica], [FechaModificacion]) VALUES (4, N'Durezas', N'Hardness', N'TT', NULL, NULL)
INSERT [dbo].[TipoPrueba] ([TipoPruebaID], [Nombre], [NombreIngles], [Categoria], [UsuarioModifica], [FechaModificacion]) VALUES (5, N'RT (POST-TT)', N'RT (POST-TT)', N'PND', NULL, NULL)
INSERT [dbo].[TipoPrueba] ([TipoPruebaID], [Nombre], [NombreIngles], [Categoria], [UsuarioModifica], [FechaModificacion]) VALUES (6, N'PT (POST-TT)', N'PT (POST-TT)', N'PND', NULL, NULL)
INSERT [dbo].[TipoPrueba] ([TipoPruebaID], [Nombre], [NombreIngles], [Categoria], [UsuarioModifica], [FechaModificacion]) VALUES (7, N'Preheat', N'Preheat', N'TT', NULL, NULL)
INSERT [dbo].[TipoPrueba] ([TipoPruebaID], [Nombre], [NombreIngles], [Categoria], [UsuarioModifica], [FechaModificacion]) VALUES (8, N'Reporte de UT', N'UT Report', N'PND', NULL, NULL)
INSERT [dbo].[TipoPrueba] ([TipoPruebaID], [Nombre], [NombreIngles], [Categoria], [UsuarioModifica], [FechaModificacion]) VALUES (9, N'Inspección Visual', N'Visual Inspection', N'IV', NULL, NULL)

INSERT [dbo].[TipoMovimiento] ([TipoMovimientoID], [EsEntrada], [EsTransferenciaProcesos], [ApareceEnSaldos], [DisponibleMovimientosUI], [Nombre], [NombreIngles], [Descripcion], [UsuarioModifica], [FechaModificacion]) VALUES (1, 1, 0, 1, 0, N'Recepción', N'Reception', NULL, NULL, NULL)
INSERT [dbo].[TipoMovimiento] ([TipoMovimientoID], [EsEntrada], [EsTransferenciaProcesos], [ApareceEnSaldos], [DisponibleMovimientosUI], [Nombre], [NombreIngles], [Descripcion], [UsuarioModifica], [FechaModificacion]) VALUES (2, 0, 0, 1, 0, N'Despacho Accesorio', NULL, NULL, NULL, NULL)
INSERT [dbo].[TipoMovimiento] ([TipoMovimientoID], [EsEntrada], [EsTransferenciaProcesos], [ApareceEnSaldos], [DisponibleMovimientosUI], [Nombre], [NombreIngles], [Descripcion], [UsuarioModifica], [FechaModificacion]) VALUES (4, 0, 0, 1, 1, N'Devolución', NULL, NULL, NULL, NULL)
INSERT [dbo].[TipoMovimiento] ([TipoMovimientoID], [EsEntrada], [EsTransferenciaProcesos], [ApareceEnSaldos], [DisponibleMovimientosUI], [Nombre], [NombreIngles], [Descripcion], [UsuarioModifica], [FechaModificacion]) VALUES (5, 0, 0, 1, 1, N'Merma', NULL, NULL, NULL, NULL)
INSERT [dbo].[TipoMovimiento] ([TipoMovimientoID], [EsEntrada], [EsTransferenciaProcesos], [ApareceEnSaldos], [DisponibleMovimientosUI], [Nombre], [NombreIngles], [Descripcion], [UsuarioModifica], [FechaModificacion]) VALUES (6, 0, 0, 1, 1, N'Salida Pintura', NULL, NULL, NULL, NULL)
INSERT [dbo].[TipoMovimiento] ([TipoMovimientoID], [EsEntrada], [EsTransferenciaProcesos], [ApareceEnSaldos], [DisponibleMovimientosUI], [Nombre], [NombreIngles], [Descripcion], [UsuarioModifica], [FechaModificacion]) VALUES (7, 1, 0, 1, 1, N'Entrada Pintura', NULL, NULL, NULL, NULL)
INSERT [dbo].[TipoMovimiento] ([TipoMovimientoID], [EsEntrada], [EsTransferenciaProcesos], [ApareceEnSaldos], [DisponibleMovimientosUI], [Nombre], [NombreIngles], [Descripcion], [UsuarioModifica], [FechaModificacion]) VALUES (9, 0, 0, 1, 0, N'Merma Corte', NULL, NULL, NULL, NULL)
INSERT [dbo].[TipoMovimiento] ([TipoMovimientoID], [EsEntrada], [EsTransferenciaProcesos], [ApareceEnSaldos], [DisponibleMovimientosUI], [Nombre], [NombreIngles], [Descripcion], [UsuarioModifica], [FechaModificacion]) VALUES (10, 0, 0, 1, 1, N'Salida Otros Procesos', NULL, NULL, NULL, NULL)
INSERT [dbo].[TipoMovimiento] ([TipoMovimientoID], [EsEntrada], [EsTransferenciaProcesos], [ApareceEnSaldos], [DisponibleMovimientosUI], [Nombre], [NombreIngles], [Descripcion], [UsuarioModifica], [FechaModificacion]) VALUES (11, 1, 0, 1, 1, N'Entrada Otros Procesos', NULL, NULL, NULL, NULL)
INSERT [dbo].[TipoMovimiento] ([TipoMovimientoID], [EsEntrada], [EsTransferenciaProcesos], [ApareceEnSaldos], [DisponibleMovimientosUI], [Nombre], [NombreIngles], [Descripcion], [UsuarioModifica], [FechaModificacion]) VALUES (12, 0, 1, 1, 0, N'Salida por Segmentación', NULL, NULL, NULL, NULL)
INSERT [dbo].[TipoMovimiento] ([TipoMovimientoID], [EsEntrada], [EsTransferenciaProcesos], [ApareceEnSaldos], [DisponibleMovimientosUI], [Nombre], [NombreIngles], [Descripcion], [UsuarioModifica], [FechaModificacion]) VALUES (13, 1, 1, 1, 0, N'Entrada por Segmentación', NULL, NULL, NULL, NULL)
INSERT [dbo].[TipoMovimiento] ([TipoMovimientoID], [EsEntrada], [EsTransferenciaProcesos], [ApareceEnSaldos], [DisponibleMovimientosUI], [Nombre], [NombreIngles], [Descripcion], [UsuarioModifica], [FechaModificacion]) VALUES (15, 0, 1, 0, 0, N'Despacho a Corte', NULL, NULL, NULL, NULL)
INSERT [dbo].[TipoMovimiento] ([TipoMovimientoID], [EsEntrada], [EsTransferenciaProcesos], [ApareceEnSaldos], [DisponibleMovimientosUI], [Nombre], [NombreIngles], [Descripcion], [UsuarioModifica], [FechaModificacion]) VALUES (16, 1, 1, 0, 0, N'Despacho a Corte Cancelado', N'Dispatch to Cut Canceled', NULL, NULL, NULL)
INSERT [dbo].[TipoMovimiento] ([TipoMovimientoID], [EsEntrada], [EsTransferenciaProcesos], [ApareceEnSaldos], [DisponibleMovimientosUI], [Nombre], [NombreIngles], [Descripcion], [UsuarioModifica], [FechaModificacion]) VALUES (17, 1, 1, 0, 0, N'Preparación para Corte', N'Cut Preparation', NULL, NULL, NULL)
INSERT [dbo].[TipoMovimiento] ([TipoMovimientoID], [EsEntrada], [EsTransferenciaProcesos], [ApareceEnSaldos], [DisponibleMovimientosUI], [Nombre], [NombreIngles], [Descripcion], [UsuarioModifica], [FechaModificacion]) VALUES (18, 0, 0, 1, 0, N'Corte', N'Cut', NULL, NULL, NULL)

INSERT [dbo].[TipoMaterial] ([TipoMaterialID], [Nombre], [NombreIngles], [UsuarioModifica], [FechaModificacion]) VALUES (1, N'Tubo', N'Pipe', NULL, NULL)
INSERT [dbo].[TipoMaterial] ([TipoMaterialID], [Nombre], [NombreIngles], [UsuarioModifica], [FechaModificacion]) VALUES (2, N'Accesorio', N'Accesory', NULL, NULL)

INSERT [dbo].[TipoJunta] ([Codigo], [Nombre], [VerificadoPorCalidad], [UsuarioModifica], [FechaModificacion]) VALUES (N'TH', N'Threaded', 1, NULL, NULL)
INSERT [dbo].[TipoJunta] ([Codigo], [Nombre], [VerificadoPorCalidad], [UsuarioModifica], [FechaModificacion]) VALUES (N'TW', N'Tack Weld', 1, NULL, NULL)

insert into Permiso(ModuloID, Nombre,NombreIngles) values(8,'Creación de destajos','Payroll period creation')
insert into Permiso(ModuloID, Nombre,NombreIngles) values(8,'Detalle de destajos','Payroll detail')
insert into Permiso(ModuloID, Nombre,NombreIngles) values(8,'Detalle de estimación','Estimation detail')
insert into Permiso(ModuloID, Nombre,NombreIngles) values(8,'Detalle de perfiles','Profile detail')
insert into Permiso(ModuloID, Nombre,NombreIngles) values(8,'Reporte de destajos','Payroll report')
insert into Permiso(ModuloID, Nombre,NombreIngles) values(8,'Detalle de usuario','User detail')
insert into Permiso(ModuloID, Nombre,NombreIngles) values(8,'Estimación de juntas','Weld estimation')
insert into Permiso(ModuloID, Nombre,NombreIngles) values(8,'Estimación de spools','Spool estimation')
insert into Permiso(ModuloID, Nombre,NombreIngles) values(8,'Importar tablas de destajo','Upload payroll tables')
insert into Permiso(ModuloID, Nombre,NombreIngles) values(8,'Listado de estimaciones','Estimation listing')
insert into Permiso(ModuloID, Nombre,NombreIngles) values(8,'Listado de perfiles','Profiles listing')
insert into Permiso(ModuloID, Nombre,NombreIngles) values(8,'Listado de periodos de destajo','Payroll periods listing')
insert into Permiso(ModuloID, Nombre,NombreIngles) values(8,'Listado de usuarios','Users listing')
insert into Permiso(ModuloID, Nombre,NombreIngles) values(8,'Tablas de destajo','Payroll tables')
insert into Permiso(ModuloID, Nombre,NombreIngles) values(5,'Seguimiento de juntas','Joint report')
insert into Permiso(ModuloID, Nombre,NombreIngles) values(5,'Seguimiento de spools','Spool report')
insert into Permiso(ModuloID, Nombre,NombreIngles) values(5,'Integración dossier de calidad','Quality dossier')
insert into Permiso(ModuloID, Nombre,NombreIngles) values(5,'Holds calidad','Quality holds')
insert into Permiso(ModuloID, Nombre,NombreIngles) values(7,'Creación de proyecto','Project creation')
insert into Permiso(ModuloID, Nombre,NombreIngles) values(7,'Detalle de aceros','Steel detail')
insert into Permiso(ModuloID, Nombre,NombreIngles) values(7,'Detalle de cédulas','Schedules detail')
insert into Permiso(ModuloID, Nombre,NombreIngles) values(7,'Detalle de clientes','Client detail')
insert into Permiso(ModuloID, Nombre,NombreIngles) values(7,'Detalle de consumibles','Consumibles detail')
insert into Permiso(ModuloID, Nombre,NombreIngles) values(7,'Detalle de defectos','Defect detail')
insert into Permiso(ModuloID, Nombre,NombreIngles) values(7,'Detalle de diámetros','Diameter detail')
insert into Permiso(ModuloID, Nombre,NombreIngles) values(7,'Detalle de fabricantes','Manufacturer detail')
insert into Permiso(ModuloID, Nombre,NombreIngles) values(7,'Detalle de familias de acero','Steel family detail')
insert into Permiso(ModuloID, Nombre,NombreIngles) values(7,'Detalle de familias de material','Material family detail')
insert into Permiso(ModuloID, Nombre,NombreIngles) values(7,'Detalle de patios','Yard detail')
insert into Permiso(ModuloID, Nombre,NombreIngles) values(7,'Detalle de procesos raíz','Root process detail')
insert into Permiso(ModuloID, Nombre,NombreIngles) values(7,'Detalle de procesos relleno','Fill process detail')
insert into Permiso(ModuloID, Nombre,NombreIngles) values(7,'Detalle de proveedores','Supplier detail')
insert into Permiso(ModuloID, Nombre,NombreIngles) values(7,'Detalle de soldadores','Welder detail')
insert into Permiso(ModuloID, Nombre,NombreIngles) values(7,'Detalle de tipos de corte','Cut types detail')
insert into Permiso(ModuloID, Nombre,NombreIngles) values(7,'Detalle de tipos de junta','Weld types detail')
insert into Permiso(ModuloID, Nombre,NombreIngles) values(7,'Detalle de transportistas','Carrier detail')
insert into Permiso(ModuloID, Nombre,NombreIngles) values(7,'Detalle de tuberos','Fitter detail')
insert into Permiso(ModuloID, Nombre,NombreIngles) values(7,'Detalle de wps','Wps detail')
insert into Permiso(ModuloID, Nombre,NombreIngles) values(7,'Importar tablas de espesores','Upload thickness tables')
insert into Permiso(ModuloID, Nombre,NombreIngles) values(7,'Importar tablas de kg teóricos','Upload theoric weight tables')
insert into Permiso(ModuloID, Nombre,NombreIngles) values(7,'Importar tablas de pulgadas equivalentes','Upload equivalent inches tables')
insert into Permiso(ModuloID, Nombre,NombreIngles) values(7,'Tabla de kg teóricos','Theoric weight tables')
insert into Permiso(ModuloID, Nombre,NombreIngles) values(7,'Listado de aceros','Steels listing')
insert into Permiso(ModuloID, Nombre,NombreIngles) values(7,'Listado de cédulas','Schedules listing')
insert into Permiso(ModuloID, Nombre,NombreIngles) values(7,'Listado de clientes','Clients listing')
insert into Permiso(ModuloID, Nombre,NombreIngles) values(7,'Listado de consumibles','Consumibles listing')
insert into Permiso(ModuloID, Nombre,NombreIngles) values(7,'Listado de defectos','Defects listing')
insert into Permiso(ModuloID, Nombre,NombreIngles) values(7,'Listado de diámetros','Diameters listing')
insert into Permiso(ModuloID, Nombre,NombreIngles) values(7,'Listado de fabricantes','Manufacturers listing')
insert into Permiso(ModuloID, Nombre,NombreIngles) values(7,'Listado de familias de acero','Steel families listing')
insert into Permiso(ModuloID, Nombre,NombreIngles) values(7,'Listado de familias de material','Material families listing')
insert into Permiso(ModuloID, Nombre,NombreIngles) values(7,'Listado de patios','Yards listing')
insert into Permiso(ModuloID, Nombre,NombreIngles) values(7,'Tabla de pulgadas equivalentes','Equivelent inches tables')
insert into Permiso(ModuloID, Nombre,NombreIngles) values(7,'Listado de procesos raíz','Root process listing')
insert into Permiso(ModuloID, Nombre,NombreIngles) values(7,'Listado de procesos relleno','Fill process listing')
insert into Permiso(ModuloID, Nombre,NombreIngles) values(7,'Listado de proveedores','Suppliers listing')
insert into Permiso(ModuloID, Nombre,NombreIngles) values(7,'Listado de proyectos','Projects listing')
insert into Permiso(ModuloID, Nombre,NombreIngles) values(7,'Listado de soldadores','Welders listing')
insert into Permiso(ModuloID, Nombre,NombreIngles) values(7,'Listado de tipos de corte','Cut types listing')
insert into Permiso(ModuloID, Nombre,NombreIngles) values(7,'Listado de tipos de junta','Weld types listing')
insert into Permiso(ModuloID, Nombre,NombreIngles) values(7,'Listado de transportistas','Carriers listing')
insert into Permiso(ModuloID, Nombre,NombreIngles) values(7,'Listado de tuberos','Fitters listing')
insert into Permiso(ModuloID, Nombre,NombreIngles) values(7,'Listado de wps','Wps listing')
insert into Permiso(ModuloID, Nombre,NombreIngles) values(7,'Tabla de espesores','Thickness tables')
insert into Permiso(ModuloID, Nombre,NombreIngles) values(9,'Armado','Fitting')
insert into Permiso(ModuloID, Nombre,NombreIngles) values(9,'Liberación dimensional','Dimensional approval')
insert into Permiso(ModuloID, Nombre,NombreIngles) values(9,'Inspección visual','Visual inspection')
insert into Permiso(ModuloID, Nombre,NombreIngles) values(9,'Seguimiento spool','Spool detail')
insert into Permiso(ModuloID, Nombre,NombreIngles) values(9,'Soldadura','Welding')
insert into Permiso(ModuloID, Nombre,NombreIngles) values(3,'Cortes de ajuste','Adjustment cuts')
insert into Permiso(ModuloID, Nombre,NombreIngles) values(3,'Ingeniería por proyecto','Engineer per project')
insert into Permiso(ModuloID, Nombre,NombreIngles) values(3,'Importar ingenierías','Upload engineering designs')
insert into Permiso(ModuloID, Nombre,NombreIngles) values(3,'Cambiar nombre de spool','Change spool name')
insert into Permiso(ModuloID, Nombre,NombreIngles) values(2,'Nueva recepción','New material reception')
insert into Permiso(ModuloID, Nombre,NombreIngles) values(2,'Recepciones','Receptions')
insert into Permiso(ModuloID, Nombre,NombreIngles) values(2,'Reporte de requisición de pintura','Requisition painting report')
insert into Permiso(ModuloID, Nombre,NombreIngles) values(2,'Confinar spools','Confine spools')
insert into Permiso(ModuloID, Nombre,NombreIngles) values(2,'Item codes por proyecto','Item codes per project')
insert into Permiso(ModuloID, Nombre,NombreIngles) values(2,'Consulta de números únicos','Unique numbers listing')
insert into Permiso(ModuloID, Nombre,NombreIngles) values(2,'Pintura por número único','Painting per unique number')
insert into Permiso(ModuloID, Nombre,NombreIngles) values(2,'Movimientos a inventario','Inventory movements')
insert into Permiso(ModuloID, Nombre,NombreIngles) values(2,'Edición número único','Unique number detail')
insert into Permiso(ModuloID, Nombre,NombreIngles) values(2,'Requisición de pintura','Painting requisition')
insert into Permiso(ModuloID, Nombre,NombreIngles) values(2,'Segmentar tubos','Pipe segmentation')
insert into Permiso(ModuloID, Nombre,NombreIngles) values(4,'Agregar spool a orden de trabajo','Add spool to job order')
insert into Permiso(ModuloID, Nombre,NombreIngles) values(4,'Corte de juntas','Weld cuts')
insert into Permiso(ModuloID, Nombre,NombreIngles) values(4,'Cruce','Materials cross-match')
insert into Permiso(ModuloID, Nombre,NombreIngles) values(4,'Administrar órdenes de trabajo','Job order administration')
insert into Permiso(ModuloID, Nombre,NombreIngles) values(4,'Fijar prioridades','Set priorities')
insert into Permiso(ModuloID, Nombre,NombreIngles) values(4,'Creación de orden de trabajo','Job order creation')
insert into Permiso(ModuloID, Nombre,NombreIngles) values(6,'Listado de coladas','Castings listing')
insert into Permiso(ModuloID, Nombre,NombreIngles) values(6,'Edición de proyecto','Edit project')
insert into Permiso(ModuloID, Nombre,NombreIngles) values(6,'Detalle de coladas','Casting detail')
insert into Permiso(ModuloID, Nombre,NombreIngles) values(6,'Detalle de item codes equivalentes','Equivalent item code detail')
insert into Permiso(ModuloID, Nombre,NombreIngles) values(6,'Detalle de item codes','Item code detail')
insert into Permiso(ModuloID, Nombre,NombreIngles) values(6,'Dashboard de proyecto','Project dashboard')
insert into Permiso(ModuloID, Nombre,NombreIngles) values(6,'Dossier de calidad','Quality dossier')
insert into Permiso(ModuloID, Nombre,NombreIngles) values(6,'Listado de fabricantes','Manufacturers listing')
insert into Permiso(ModuloID, Nombre,NombreIngles) values(6,'Listado de item codes equivalentes','Equivalent item codes listing')
insert into Permiso(ModuloID, Nombre,NombreIngles) values(6,'Listado de item codes','Item codes listing')
insert into Permiso(ModuloID, Nombre,NombreIngles) values(6,'Listado de proveedores','Suppliers listing')
insert into Permiso(ModuloID, Nombre,NombreIngles) values(6,'Configuración de reportes','Report configuration')
insert into Permiso(ModuloID, Nombre,NombreIngles) values(6,'Listado de transportistas','Carriers listing')
insert into Permiso(ModuloID, Nombre,NombreIngles) values(6,'Listado de wps','Wps listing')
insert into Permiso(ModuloID, Nombre,NombreIngles) values(1,'Nuevo despacho','New dispatch')
insert into Permiso(ModuloID, Nombre,NombreIngles) values(1,'Detalle de liberación dimensional','Dimensional liberation detail')
insert into Permiso(ModuloID, Nombre,NombreIngles) values(1,'Detalle de inspección visual','Visual inspection detail')
insert into Permiso(ModuloID, Nombre,NombreIngles) values(1,'Reporte de armado y soldadura','Welding and fitting report')
insert into Permiso(ModuloID, Nombre,NombreIngles) values(1,'Detalle de reporte PND','NDT report detail')
insert into Permiso(ModuloID, Nombre,NombreIngles) values(1,'Detalle de reporte TT','TT report detail')
insert into Permiso(ModuloID, Nombre,NombreIngles) values(1,'Detalle de requisición','Requisition detail')
insert into Permiso(ModuloID, Nombre,NombreIngles) values(1,'Detalle de requisición pintura','Painting requisition detail')
insert into Permiso(ModuloID, Nombre,NombreIngles) values(1,'Integraciones con HH','HH integration')
insert into Permiso(ModuloID, Nombre,NombreIngles) values(1,'Armado','Fitting')
insert into Permiso(ModuloID, Nombre,NombreIngles) values(1,'Cortes','Cuts')
insert into Permiso(ModuloID, Nombre,NombreIngles) values(1,'Listado de despachos','Dispatch listing')
insert into Permiso(ModuloID, Nombre,NombreIngles) values(1,'Embarques','Shipping')
insert into Permiso(ModuloID, Nombre,NombreIngles) values(1,'Liberación dimensional','Dimensional liberation')
insert into Permiso(ModuloID, Nombre,NombreIngles) values(1,'Inspección visual','Visual inspection')
insert into Permiso(ModuloID, Nombre,NombreIngles) values(1,'Pintura','Painting')
insert into Permiso(ModuloID, Nombre,NombreIngles) values(1,'Listado de PNDs','NDT listing')
insert into Permiso(ModuloID, Nombre,NombreIngles) values(1,'Listado de requisiciones de pintura','Painting requisitions listing')
insert into Permiso(ModuloID, Nombre,NombreIngles) values(1,'Listado de requisiciones','Requisitions listing')
insert into Permiso(ModuloID, Nombre,NombreIngles) values(1,'Soldadura','Welding')
insert into Permiso(ModuloID, Nombre,NombreIngles) values(1,'Listado de TTs','TTs listing')
insert into Permiso(ModuloID, Nombre,NombreIngles) values(1,'Despacho a corte','Dispatch to cut')
insert into Permiso(ModuloID, Nombre,NombreIngles) values(1,'Reporte de PNDs','NDT reports')
insert into Permiso(ModuloID, Nombre,NombreIngles) values(1,'Reporte de TTs','TT reports')
insert into Permiso(ModuloID, Nombre,NombreIngles) values(1,'Reporte de requisiciones','Requisition reports')
insert into Permiso(ModuloID, Nombre,NombreIngles) values(1,'Reporte de liberación dimensional','Dimensional liberation report')
insert into Permiso(ModuloID, Nombre,NombreIngles) values(1,'Reporte de inspección visual','Visual inspection report')
insert into Permiso(ModuloID, Nombre,NombreIngles) values(1,'Reporte de requisiciones de pintura','Painting requisitions reports')

insert into Pagina(PermisoID, Url) select (select top 1 PermisoID from Permiso where ModuloID=8 and Nombre='Creación de destajos'), '/Administracion/AltaPeriodoDestajo.aspx'
insert into Pagina(PermisoID, Url) select (select top 1 PermisoID from Permiso where ModuloID=8 and Nombre='Detalle de destajos'), '/Administracion/DetDestajo.aspx'
insert into Pagina(PermisoID, Url) select (select top 1 PermisoID from Permiso where ModuloID=8 and Nombre='Detalle de estimación'), '/Administracion/DetEstimacion.aspx'
insert into Pagina(PermisoID, Url) select (select top 1 PermisoID from Permiso where ModuloID=8 and Nombre='Detalle de perfiles'), '/Administracion/DetPerfiles.aspx'
insert into Pagina(PermisoID, Url) select (select top 1 PermisoID from Permiso where ModuloID=8 and Nombre='Detalle de destajos'), '/Administracion/DetPeriodoDestajo.aspx'
insert into Pagina(PermisoID, Url) select (select top 1 PermisoID from Permiso where ModuloID=8 and Nombre='Reporte de destajos'), '/Administracion/DetReporteDestajos.aspx'
insert into Pagina(PermisoID, Url) select (select top 1 PermisoID from Permiso where ModuloID=8 and Nombre='Detalle de usuario'), '/Administracion/DetUsuario.aspx'
insert into Pagina(PermisoID, Url) select (select top 1 PermisoID from Permiso where ModuloID=8 and Nombre='Estimación de juntas'), '/Administracion/EstimacionDeJunta.aspx'
insert into Pagina(PermisoID, Url) select (select top 1 PermisoID from Permiso where ModuloID=8 and Nombre='Estimación de spools'), '/Administracion/EstimacionDeSpool.aspx'
insert into Pagina(PermisoID, Url) select (select top 1 PermisoID from Permiso where ModuloID=8 and Nombre='Importar tablas de destajo'), '/Administracion/ImportaDestajos.aspx'
insert into Pagina(PermisoID, Url) select (select top 1 PermisoID from Permiso where ModuloID=8 and Nombre='Listado de estimaciones'), '/Administracion/LstEstimado.aspx'
insert into Pagina(PermisoID, Url) select (select top 1 PermisoID from Permiso where ModuloID=8 and Nombre='Listado de perfiles'), '/Administracion/LstPerfiles.aspx'
insert into Pagina(PermisoID, Url) select (select top 1 PermisoID from Permiso where ModuloID=8 and Nombre='Listado de periodos de destajo'), '/Administracion/LstPeriodosDestajo.aspx'
insert into Pagina(PermisoID, Url) select (select top 1 PermisoID from Permiso where ModuloID=8 and Nombre='Listado de usuarios'), '/Administracion/LstUsuario.aspx'
insert into Pagina(PermisoID, Url) select (select top 1 PermisoID from Permiso where ModuloID=8 and Nombre='Estimación de juntas'), '/Administracion/PopupEstimacionJunta.aspx'
insert into Pagina(PermisoID, Url) select (select top 1 PermisoID from Permiso where ModuloID=8 and Nombre='Estimación de spools'), '/Administracion/PopupEstimacionSpool.aspx'
insert into Pagina(PermisoID, Url) select (select top 1 PermisoID from Permiso where ModuloID=8 and Nombre='Tablas de destajo'), '/Administracion/TblDestajos.aspx'
insert into Pagina(PermisoID, Url) select (select top 1 PermisoID from Permiso where ModuloID=5 and Nombre='Seguimiento de juntas'), '/Calidad/FiltrosSeguimientoJunta.aspx'
insert into Pagina(PermisoID, Url) select (select top 1 PermisoID from Permiso where ModuloID=5 and Nombre='Seguimiento de spools'), '/Calidad/FiltrosSeguimientoSpool.aspx'
insert into Pagina(PermisoID, Url) select (select top 1 PermisoID from Permiso where ModuloID=5 and Nombre='Integración dossier de calidad'), '/Calidad/LstCertificacion.aspx'
insert into Pagina(PermisoID, Url) select (select top 1 PermisoID from Permiso where ModuloID=5 and Nombre='Seguimiento de juntas'), '/Calidad/PopUpSegJunta.aspx'
insert into Pagina(PermisoID, Url) select (select top 1 PermisoID from Permiso where ModuloID=5 and Nombre='Seguimiento de spools'), '/Calidad/PopUpSegSpool.aspx'
insert into Pagina(PermisoID, Url) select (select top 1 PermisoID from Permiso where ModuloID=5 and Nombre='Holds calidad'), '/Calidad/RevisionSpools.aspx'
insert into Pagina(PermisoID, Url) select (select top 1 PermisoID from Permiso where ModuloID=5 and Nombre='Seguimiento de juntas'), '/Calidad/SeguimientoJuntas.aspx'
insert into Pagina(PermisoID, Url) select (select top 1 PermisoID from Permiso where ModuloID=5 and Nombre='Seguimiento de spools'), '/Calidad/SeguimientoSpool.aspx'
insert into Pagina(PermisoID, Url) select (select top 1 PermisoID from Permiso where ModuloID=7 and Nombre='Creación de proyecto'), '/Catalogos/AltaProyecto.aspx'
insert into Pagina(PermisoID, Url) select (select top 1 PermisoID from Permiso where ModuloID=7 and Nombre='Detalle de aceros'), '/Catalogos/DetAcero.aspx'
insert into Pagina(PermisoID, Url) select (select top 1 PermisoID from Permiso where ModuloID=7 and Nombre='Detalle de cédulas'), '/Catalogos/DetCedula.aspx'
insert into Pagina(PermisoID, Url) select (select top 1 PermisoID from Permiso where ModuloID=7 and Nombre='Detalle de clientes'), '/Catalogos/DetCliente.aspx'
insert into Pagina(PermisoID, Url) select (select top 1 PermisoID from Permiso where ModuloID=7 and Nombre='Detalle de consumibles'), '/Catalogos/DetConsumibles.aspx'
insert into Pagina(PermisoID, Url) select (select top 1 PermisoID from Permiso where ModuloID=7 and Nombre='Detalle de defectos'), '/Catalogos/DetDefecto.aspx'
insert into Pagina(PermisoID, Url) select (select top 1 PermisoID from Permiso where ModuloID=7 and Nombre='Detalle de diámetros'), '/Catalogos/DetDiametro.aspx'
insert into Pagina(PermisoID, Url) select (select top 1 PermisoID from Permiso where ModuloID=7 and Nombre='Detalle de fabricantes'), '/Catalogos/DetFabricante.aspx'
insert into Pagina(PermisoID, Url) select (select top 1 PermisoID from Permiso where ModuloID=7 and Nombre='Detalle de familias de acero'), '/Catalogos/DetFamAcero.aspx'
insert into Pagina(PermisoID, Url) select (select top 1 PermisoID from Permiso where ModuloID=7 and Nombre='Detalle de familias de material'), '/Catalogos/DetFamiliaMaterial.aspx'
insert into Pagina(PermisoID, Url) select (select top 1 PermisoID from Permiso where ModuloID=7 and Nombre='Detalle de patios'), '/Catalogos/DetPatio.aspx'
insert into Pagina(PermisoID, Url) select (select top 1 PermisoID from Permiso where ModuloID=7 and Nombre='Detalle de procesos raíz'), '/Catalogos/DetProcesoRaiz.aspx'
insert into Pagina(PermisoID, Url) select (select top 1 PermisoID from Permiso where ModuloID=7 and Nombre='Detalle de procesos relleno'), '/Catalogos/DetProcesoRelleno.aspx'
insert into Pagina(PermisoID, Url) select (select top 1 PermisoID from Permiso where ModuloID=7 and Nombre='Detalle de proveedores'), '/Catalogos/DetProveedor.aspx'
insert into Pagina(PermisoID, Url) select (select top 1 PermisoID from Permiso where ModuloID=7 and Nombre='Detalle de soldadores'), '/Catalogos/DetSoldador.aspx'
insert into Pagina(PermisoID, Url) select (select top 1 PermisoID from Permiso where ModuloID=7 and Nombre='Detalle de tipos de corte'), '/Catalogos/DetTipoCorte.aspx'
insert into Pagina(PermisoID, Url) select (select top 1 PermisoID from Permiso where ModuloID=7 and Nombre='Detalle de tipos de junta'), '/Catalogos/DetTipoJunta.aspx'
insert into Pagina(PermisoID, Url) select (select top 1 PermisoID from Permiso where ModuloID=7 and Nombre='Detalle de transportistas'), '/Catalogos/DetTransportista.aspx'
insert into Pagina(PermisoID, Url) select (select top 1 PermisoID from Permiso where ModuloID=7 and Nombre='Detalle de tuberos'), '/Catalogos/DetTubero.aspx'
insert into Pagina(PermisoID, Url) select (select top 1 PermisoID from Permiso where ModuloID=7 and Nombre='Detalle de wps'), '/Catalogos/DetWps.aspx'
insert into Pagina(PermisoID, Url) select (select top 1 PermisoID from Permiso where ModuloID=7 and Nombre='Importar tablas de espesores'), '/Catalogos/ImportaEspesores.aspx'
insert into Pagina(PermisoID, Url) select (select top 1 PermisoID from Permiso where ModuloID=7 and Nombre='Importar tablas de kg teóricos'), '/Catalogos/ImportaKgTeoricos.aspx'
insert into Pagina(PermisoID, Url) select (select top 1 PermisoID from Permiso where ModuloID=7 and Nombre='Importar tablas de pulgadas equivalentes'), '/Catalogos/ImportaPeq.aspx'
insert into Pagina(PermisoID, Url) select (select top 1 PermisoID from Permiso where ModuloID=7 and Nombre='Tabla de kg teóricos'), '/Catalogos/KgTeoricos.aspx'
insert into Pagina(PermisoID, Url) select (select top 1 PermisoID from Permiso where ModuloID=7 and Nombre='Listado de aceros'), '/Catalogos/LstAcero.aspx'
insert into Pagina(PermisoID, Url) select (select top 1 PermisoID from Permiso where ModuloID=7 and Nombre='Listado de cédulas'), '/Catalogos/LstCedula.aspx'
insert into Pagina(PermisoID, Url) select (select top 1 PermisoID from Permiso where ModuloID=7 and Nombre='Listado de clientes'), '/Catalogos/LstCliente.aspx'
insert into Pagina(PermisoID, Url) select (select top 1 PermisoID from Permiso where ModuloID=7 and Nombre='Listado de consumibles'), '/Catalogos/LstConsumibles.aspx'
insert into Pagina(PermisoID, Url) select (select top 1 PermisoID from Permiso where ModuloID=7 and Nombre='Listado de defectos'), '/Catalogos/LstDefectos.aspx'
insert into Pagina(PermisoID, Url) select (select top 1 PermisoID from Permiso where ModuloID=7 and Nombre='Listado de diámetros'), '/Catalogos/LstDiametro.aspx'
insert into Pagina(PermisoID, Url) select (select top 1 PermisoID from Permiso where ModuloID=7 and Nombre='Listado de fabricantes'), '/Catalogos/LstFabricantes.aspx'
insert into Pagina(PermisoID, Url) select (select top 1 PermisoID from Permiso where ModuloID=7 and Nombre='Listado de familias de acero'), '/Catalogos/LstFamAcero.aspx'
insert into Pagina(PermisoID, Url) select (select top 1 PermisoID from Permiso where ModuloID=7 and Nombre='Listado de familias de material'), '/Catalogos/LstFamiliaMaterial.aspx'
insert into Pagina(PermisoID, Url) select (select top 1 PermisoID from Permiso where ModuloID=7 and Nombre='Listado de patios'), '/Catalogos/LstPatio.aspx'
insert into Pagina(PermisoID, Url) select (select top 1 PermisoID from Permiso where ModuloID=7 and Nombre='Tabla de pulgadas equivalentes'), '/Catalogos/LstPeq.aspx'
insert into Pagina(PermisoID, Url) select (select top 1 PermisoID from Permiso where ModuloID=7 and Nombre='Listado de procesos raíz'), '/Catalogos/LstProcesoRaiz.aspx'
insert into Pagina(PermisoID, Url) select (select top 1 PermisoID from Permiso where ModuloID=7 and Nombre='Listado de procesos relleno'), '/Catalogos/LstProcesoRelleno.aspx'
insert into Pagina(PermisoID, Url) select (select top 1 PermisoID from Permiso where ModuloID=7 and Nombre='Listado de proveedores'), '/Catalogos/LstProveedor.aspx'
insert into Pagina(PermisoID, Url) select (select top 1 PermisoID from Permiso where ModuloID=7 and Nombre='Listado de proyectos'), '/Catalogos/LstProyecto.aspx'
insert into Pagina(PermisoID, Url) select (select top 1 PermisoID from Permiso where ModuloID=7 and Nombre='Listado de soldadores'), '/Catalogos/LstSoldador.aspx'
insert into Pagina(PermisoID, Url) select (select top 1 PermisoID from Permiso where ModuloID=7 and Nombre='Listado de tipos de corte'), '/Catalogos/LstTipoCorte.aspx'
insert into Pagina(PermisoID, Url) select (select top 1 PermisoID from Permiso where ModuloID=7 and Nombre='Listado de tipos de junta'), '/Catalogos/LstTipoJunta.aspx'
insert into Pagina(PermisoID, Url) select (select top 1 PermisoID from Permiso where ModuloID=7 and Nombre='Listado de transportistas'), '/Catalogos/LstTransportistas.aspx'
insert into Pagina(PermisoID, Url) select (select top 1 PermisoID from Permiso where ModuloID=7 and Nombre='Listado de tuberos'), '/Catalogos/LstTubero.aspx'
insert into Pagina(PermisoID, Url) select (select top 1 PermisoID from Permiso where ModuloID=7 and Nombre='Listado de wps'), '/Catalogos/LstWps.aspx'
insert into Pagina(PermisoID, Url) select (select top 1 PermisoID from Permiso where ModuloID=7 and Nombre='Tabla de espesores'), '/Catalogos/TblEspesores.aspx'
insert into Pagina(PermisoID, Url) select (select top 1 PermisoID from Permiso where ModuloID=9 and Nombre='Armado'), '/Paginas/Armado.aspx'
insert into Pagina(PermisoID, Url) select (select top 1 PermisoID from Permiso where ModuloID=9 and Nombre='Armado'), '/Paginas/DetalleArmado.aspx'
insert into Pagina(PermisoID, Url) select (select top 1 PermisoID from Permiso where ModuloID=9 and Nombre='Liberación dimensional'), '/Paginas/DetalleInspeccionDimensional.aspx'
insert into Pagina(PermisoID, Url) select (select top 1 PermisoID from Permiso where ModuloID=9 and Nombre='Inspección visual'), '/Paginas/DetalleInspeccionVisual.aspx'
insert into Pagina(PermisoID, Url) select (select top 1 PermisoID from Permiso where ModuloID=9 and Nombre='Seguimiento spool'), '/Paginas/DetalleSeguimientoSpool.aspx'
insert into Pagina(PermisoID, Url) select (select top 1 PermisoID from Permiso where ModuloID=9 and Nombre='Soldadura'), '/Paginas/DetalleSoldadura.aspx'
insert into Pagina(PermisoID, Url) select (select top 1 PermisoID from Permiso where ModuloID=9 and Nombre='Liberación dimensional'), '/Paginas/InspeccionDimensional.aspx'
insert into Pagina(PermisoID, Url) select (select top 1 PermisoID from Permiso where ModuloID=9 and Nombre='Inspección visual'), '/Paginas/InspeccionVisual.aspx'
insert into Pagina(PermisoID, Url) select (select top 1 PermisoID from Permiso where ModuloID=9 and Nombre='Seguimiento spool'), '/Paginas/SeguimientoSpool.aspx'
insert into Pagina(PermisoID, Url) select (select top 1 PermisoID from Permiso where ModuloID=9 and Nombre='Soldadura'), '/Paginas/Soldadura.aspx'
insert into Pagina(PermisoID, Url) select (select top 1 PermisoID from Permiso where ModuloID=3 and Nombre='Cortes de ajuste'), '/Ingenieria/CortesDeAjuste.aspx'
insert into Pagina(PermisoID, Url) select (select top 1 PermisoID from Permiso where ModuloID=3 and Nombre='Ingeniería por proyecto'), '/Ingenieria/DetSpool.aspx'
insert into Pagina(PermisoID, Url) select (select top 1 PermisoID from Permiso where ModuloID=3 and Nombre='Importar ingenierías'), '/Ingenieria/ImportacionDatos.aspx'
insert into Pagina(PermisoID, Url) select (select top 1 PermisoID from Permiso where ModuloID=3 and Nombre='Ingeniería por proyecto'), '/Ingenieria/IngenieriaDeProyecto.aspx'
insert into Pagina(PermisoID, Url) select (select top 1 PermisoID from Permiso where ModuloID=3 and Nombre='Cambiar nombre de spool'), '/Ingenieria/NombradoSpool.aspx'
insert into Pagina(PermisoID, Url) select (select top 1 PermisoID from Permiso where ModuloID=3 and Nombre='Cortes de ajuste'), '/Ingenieria/PopUpAjustarLongitud.aspx'
insert into Pagina(PermisoID, Url) select (select top 1 PermisoID from Permiso where ModuloID=5 and Nombre='Holds calidad'), '/Ingenieria/PopUpDetHold.aspx'
insert into Pagina(PermisoID, Url) select (select top 1 PermisoID from Permiso where ModuloID=3 and Nombre='Ingeniería por proyecto'), '/Ingenieria/PopUpDetHold.aspx'
insert into Pagina(PermisoID, Url) select (select top 1 PermisoID from Permiso where ModuloID=2 and Nombre='Nueva recepción'), '/Materiales/AltaNumeroUnico.aspx'
insert into Pagina(PermisoID, Url) select (select top 1 PermisoID from Permiso where ModuloID=2 and Nombre='Recepciones'), '/Materiales/DetRecepcion.aspx'
insert into Pagina(PermisoID, Url) select (select top 1 PermisoID from Permiso where ModuloID=2 and Nombre='Reporte de requisición de pintura'), '/Materiales/DetReqPinturaNumUnico.aspx'
insert into Pagina(PermisoID, Url) select (select top 1 PermisoID from Permiso where ModuloID=2 and Nombre='Confinar spools'), '/Materiales/LstConfinarSpool.aspx'
insert into Pagina(PermisoID, Url) select (select top 1 PermisoID from Permiso where ModuloID=2 and Nombre='Item codes por proyecto'), '/Materiales/LstMatPorItemCode.aspx'
insert into Pagina(PermisoID, Url) select (select top 1 PermisoID from Permiso where ModuloID=2 and Nombre='Consulta de números únicos'), '/Materiales/LstNumeroUnico.aspx'
insert into Pagina(PermisoID, Url) select (select top 1 PermisoID from Permiso where ModuloID=2 and Nombre='Pintura por número único'), '/Materiales/LstPinturaNumUnico.aspx'
insert into Pagina(PermisoID, Url) select (select top 1 PermisoID from Permiso where ModuloID=2 and Nombre='Recepciones'), '/Materiales/LstRecepcion.aspx'
insert into Pagina(PermisoID, Url) select (select top 1 PermisoID from Permiso where ModuloID=2 and Nombre='Movimientos a inventario'), '/Materiales/MovimientosInventario.aspx'
insert into Pagina(PermisoID, Url) select (select top 1 PermisoID from Permiso where ModuloID=2 and Nombre='Nueva recepción'), '/Materiales/NuevaRecepcion.aspx'
insert into Pagina(PermisoID, Url) select (select top 1 PermisoID from Permiso where ModuloID=2 and Nombre='Nueva recepción'), '/Materiales/PopUpAgregaColada.aspx'
insert into Pagina(PermisoID, Url) select (select top 1 PermisoID from Permiso where ModuloID=2 and Nombre='Nueva recepción'), '/Materiales/PopUpAgregaItemCode.aspx'
insert into Pagina(PermisoID, Url) select (select top 1 PermisoID from Permiso where ModuloID=2 and Nombre='Nueva recepción'), '/Materiales/PopupAgregaNumeroUnico.aspx'
insert into Pagina(PermisoID, Url) select (select top 1 PermisoID from Permiso where ModuloID=2 and Nombre='Confinar spools'), '/Materiales/PopUpConfinarSpool.aspx'
insert into Pagina(PermisoID, Url) select (select top 1 PermisoID from Permiso where ModuloID=2 and Nombre='Edición número único'), '/Materiales/PopUpEdicionNumeroUnico.aspx'
insert into Pagina(PermisoID, Url) select (select top 1 PermisoID from Permiso where ModuloID=2 and Nombre='Consulta de números únicos'), '/Materiales/PopUpMovimientoInventarios.aspx'
insert into Pagina(PermisoID, Url) select (select top 1 PermisoID from Permiso where ModuloID=2 and Nombre='Pintura por número único'), '/Materiales/PopUpPinturaNumeroUnico.aspx'
insert into Pagina(PermisoID, Url) select (select top 1 PermisoID from Permiso where ModuloID=2 and Nombre='Requisición de pintura'), '/Materiales/PopUpReqPinturaNumUnico.aspx'
insert into Pagina(PermisoID, Url) select (select top 1 PermisoID from Permiso where ModuloID=2 and Nombre='Reporte de requisición de pintura'), '/Materiales/RepReqPinturaNumUnico.aspx'
insert into Pagina(PermisoID, Url) select (select top 1 PermisoID from Permiso where ModuloID=2 and Nombre='Requisición de pintura'), '/Materiales/ReqPinturaNumUnico.aspx'
insert into Pagina(PermisoID, Url) select (select top 1 PermisoID from Permiso where ModuloID=2 and Nombre='Segmentar tubos'), '/Materiales/SegmentarTubo.aspx'
insert into Pagina(PermisoID, Url) select (select top 1 PermisoID from Permiso where ModuloID=4 and Nombre='Agregar spool a orden de trabajo'), '/Produccion/AgregaSpoolOdt.aspx'
insert into Pagina(PermisoID, Url) select (select top 1 PermisoID from Permiso where ModuloID=4 and Nombre='Corte de juntas'), '/Produccion/CorteJunta.aspx'
insert into Pagina(PermisoID, Url) select (select top 1 PermisoID from Permiso where ModuloID=4 and Nombre='Cruce'), '/Produccion/CrucePorProyecto.aspx'
insert into Pagina(PermisoID, Url) select (select top 1 PermisoID from Permiso where ModuloID=4 and Nombre='Administrar órdenes de trabajo'), '/Produccion/DetOdt.aspx'
insert into Pagina(PermisoID, Url) select (select top 1 PermisoID from Permiso where ModuloID=4 and Nombre='Fijar prioridades'), '/Produccion/FijarPrioridad.aspx'
insert into Pagina(PermisoID, Url) select (select top 1 PermisoID from Permiso where ModuloID=4 and Nombre='Administrar órdenes de trabajo'), '/Produccion/LstOrdenTrabajo.aspx'
insert into Pagina(PermisoID, Url) select (select top 1 PermisoID from Permiso where ModuloID=4 and Nombre='Creación de orden de trabajo'), '/Produccion/NuevaOdt.aspx'
insert into Pagina(PermisoID, Url) select (select top 1 PermisoID from Permiso where ModuloID=4 and Nombre='Cruce'), '/Produccion/PopupCruceOdt.aspx'
insert into Pagina(PermisoID, Url) select (select top 1 PermisoID from Permiso where ModuloID=4 and Nombre='Administrar órdenes de trabajo'), '/Produccion/PopupImpresionOdt.aspx'
insert into Pagina(PermisoID, Url) select (select top 1 PermisoID from Permiso where ModuloID=4 and Nombre='Administrar órdenes de trabajo'), '/Produccion/PopupSpoolOdtRO.aspx'
insert into Pagina(PermisoID, Url) select (select top 1 PermisoID from Permiso where ModuloID=4 and Nombre='Cruce'), '/Produccion/PopupSpoolRO.aspx'
insert into Pagina(PermisoID, Url) select (select top 1 PermisoID from Permiso where ModuloID=4 and Nombre='Fijar prioridades'), '/Produccion/PopupSpoolRO.aspx'
insert into Pagina(PermisoID, Url) select (select top 1 PermisoID from Permiso where ModuloID=4 and Nombre='Cruce'), '/Produccion/ReporteFaltantes.aspx'
insert into Pagina(PermisoID, Url) select (select top 1 PermisoID from Permiso where ModuloID=4 and Nombre='Administrar órdenes de trabajo'), '/Produccion/ReporteOdt.aspx'
insert into Pagina(PermisoID, Url) select (select top 1 PermisoID from Permiso where ModuloID=6 and Nombre='Listado de coladas'), '/Proyectos/Coladas.aspx'
insert into Pagina(PermisoID, Url) select (select top 1 PermisoID from Permiso where ModuloID=6 and Nombre='Edición de proyecto'), '/Proyectos/Configuracion.aspx'
insert into Pagina(PermisoID, Url) select (select top 1 PermisoID from Permiso where ModuloID=6 and Nombre='Detalle de coladas'), '/Proyectos/DetColadas.aspx'
insert into Pagina(PermisoID, Url) select (select top 1 PermisoID from Permiso where ModuloID=6 and Nombre='Detalle de item codes equivalentes'), '/Proyectos/DetIcEquivalentes.aspx'
insert into Pagina(PermisoID, Url) select (select top 1 PermisoID from Permiso where ModuloID=6 and Nombre='Detalle de item codes'), '/Proyectos/DetItemCodes.aspx'
insert into Pagina(PermisoID, Url) select (select top 1 PermisoID from Permiso where ModuloID=6 and Nombre='Dashboard de proyecto'), '/Proyectos/DetProyecto.aspx'
insert into Pagina(PermisoID, Url) select (select top 1 PermisoID from Permiso where ModuloID=6 and Nombre='Dossier de calidad'), '/Proyectos/DossierCalidad.aspx'
insert into Pagina(PermisoID, Url) select (select top 1 PermisoID from Permiso where ModuloID=6 and Nombre='Listado de fabricantes'), '/Proyectos/Fabricantes.aspx'
insert into Pagina(PermisoID, Url) select (select top 1 PermisoID from Permiso where ModuloID=6 and Nombre='Listado de item codes equivalentes'), '/Proyectos/IcEquivalentes.aspx'
insert into Pagina(PermisoID, Url) select (select top 1 PermisoID from Permiso where ModuloID=6 and Nombre='Listado de item codes'), '/Proyectos/ItemCodes.aspx'
insert into Pagina(PermisoID, Url) select (select top 1 PermisoID from Permiso where ModuloID=6 and Nombre='Listado de proveedores'), '/Proyectos/Proveedores.aspx'
insert into Pagina(PermisoID, Url) select (select top 1 PermisoID from Permiso where ModuloID=6 and Nombre='Configuración de reportes'), '/Proyectos/TipoReporteProyecto.aspx'
insert into Pagina(PermisoID, Url) select (select top 1 PermisoID from Permiso where ModuloID=6 and Nombre='Listado de transportistas'), '/Proyectos/Transportistas.aspx'
insert into Pagina(PermisoID, Url) select (select top 1 PermisoID from Permiso where ModuloID=6 and Nombre='Listado de wps'), '/Proyectos/Wps.aspx'
insert into Pagina(PermisoID, Url) select (select top 1 PermisoID from Permiso where ModuloID=1 and Nombre='Nuevo despacho'), '/WorkStatus/Despacho.aspx'
insert into Pagina(PermisoID, Url) select (select top 1 PermisoID from Permiso where ModuloID=1 and Nombre='Detalle de liberación dimensional'), '/WorkStatus/DetInspeccionDimensional.aspx'
insert into Pagina(PermisoID, Url) select (select top 1 PermisoID from Permiso where ModuloID=1 and Nombre='Detalle de inspección visual'), '/WorkStatus/DetInspeccionVisual.aspx'
insert into Pagina(PermisoID, Url) select (select top 1 PermisoID from Permiso where ModuloID=1 and Nombre='Reporte de armado y soldadura'), '/Workstatus/DetReporteArmadoSoldadura.aspx'
insert into Pagina(PermisoID, Url) select (select top 1 PermisoID from Permiso where ModuloID=1 and Nombre='Detalle de reporte PND'), '/WorkStatus/DetReportePnd.aspx'
insert into Pagina(PermisoID, Url) select (select top 1 PermisoID from Permiso where ModuloID=1 and Nombre='Detalle de reporte TT'), '/WorkStatus/DetReporteTt.aspx'
insert into Pagina(PermisoID, Url) select (select top 1 PermisoID from Permiso where ModuloID=1 and Nombre='Detalle de requisición'), '/WorkStatus/DetRequisicion.aspx'
insert into Pagina(PermisoID, Url) select (select top 1 PermisoID from Permiso where ModuloID=1 and Nombre='Detalle de requisición pintura'), '/WorkStatus/DetRequisicionPintura.aspx'
insert into Pagina(PermisoID, Url) select (select top 1 PermisoID from Permiso where ModuloID=1 and Nombre='Integraciones con HH'), '/WorkStatus/LiberacionesDimensionalesPatio.aspx'
insert into Pagina(PermisoID, Url) select (select top 1 PermisoID from Permiso where ModuloID=1 and Nombre='Integraciones con HH'), '/WorkStatus/LiberacionesVisualesPatio.aspx'
insert into Pagina(PermisoID, Url) select (select top 1 PermisoID from Permiso where ModuloID=1 and Nombre='Armado'), '/WorkStatus/LstArmado.aspx'
insert into Pagina(PermisoID, Url) select (select top 1 PermisoID from Permiso where ModuloID=1 and Nombre='Cortes'), '/WorkStatus/LstCortes.aspx'
insert into Pagina(PermisoID, Url) select (select top 1 PermisoID from Permiso where ModuloID=1 and Nombre='Listado de despachos'), '/WorkStatus/LstDespacho.aspx'
insert into Pagina(PermisoID, Url) select (select top 1 PermisoID from Permiso where ModuloID=1 and Nombre='Embarques'), '/WorkStatus/LstEmbarque.aspx'
insert into Pagina(PermisoID, Url) select (select top 1 PermisoID from Permiso where ModuloID=1 and Nombre='Liberación dimensional'), '/WorkStatus/LstInspeccionDimensional.aspx'
insert into Pagina(PermisoID, Url) select (select top 1 PermisoID from Permiso where ModuloID=1 and Nombre='Inspección visual'), '/WorkStatus/LstInspeccionVisual.aspx'
insert into Pagina(PermisoID, Url) select (select top 1 PermisoID from Permiso where ModuloID=1 and Nombre='Pintura'), '/WorkStatus/LstPintura.aspx'
insert into Pagina(PermisoID, Url) select (select top 1 PermisoID from Permiso where ModuloID=1 and Nombre='Listado de PNDs'), '/WorkStatus/LstPnd.aspx'
insert into Pagina(PermisoID, Url) select (select top 1 PermisoID from Permiso where ModuloID=1 and Nombre='Listado de requisiciones de pintura'), '/WorkStatus/LstReqPintura.aspx'
insert into Pagina(PermisoID, Url) select (select top 1 PermisoID from Permiso where ModuloID=1 and Nombre='Listado de requisiciones'), '/WorkStatus/LstRequisicionesPruebas.aspx'
insert into Pagina(PermisoID, Url) select (select top 1 PermisoID from Permiso where ModuloID=1 and Nombre='Soldadura'), '/WorkStatus/LstSoldadura.aspx'
insert into Pagina(PermisoID, Url) select (select top 1 PermisoID from Permiso where ModuloID=1 and Nombre='Listado de TTs'), '/WorkStatus/LstTT.aspx'
insert into Pagina(PermisoID, Url) select (select top 1 PermisoID from Permiso where ModuloID=1 and Nombre='Cortes'), '/WorkStatus/NuevoCorte.aspx'
insert into Pagina(PermisoID, Url) select (select top 1 PermisoID from Permiso where ModuloID=1 and Nombre='Despacho a corte'), '/WorkStatus/NumerosUnicosEnCorte.aspx'
insert into Pagina(PermisoID, Url) select (select top 1 PermisoID from Permiso where ModuloID=1 and Nombre='Armado'), '/WorkStatus/PopupArmado.aspx'
insert into Pagina(PermisoID, Url) select (select top 1 PermisoID from Permiso where ModuloID=1 and Nombre='Nuevo despacho'), '/WorkStatus/PopupDespacho.aspx'
insert into Pagina(PermisoID, Url) select (select top 1 PermisoID from Permiso where ModuloID=1 and Nombre='Cortes'), '/WorkStatus/PopUpDetalleCorte.aspx'
insert into Pagina(PermisoID, Url) select (select top 1 PermisoID from Permiso where ModuloID=1 and Nombre='Listado de despachos'), '/WorkStatus/PopUpDetalleDespacho.aspx'
insert into Pagina(PermisoID, Url) select (select top 1 PermisoID from Permiso where ModuloID=1 and Nombre='Embarques'), '/WorkStatus/PopUpEmbarcar.aspx'
insert into Pagina(PermisoID, Url) select (select top 1 PermisoID from Permiso where ModuloID=1 and Nombre='Listado de requisiciones de pintura'), '/WorkStatus/PopupEspecificarSistema.aspx'
insert into Pagina(PermisoID, Url) select (select top 1 PermisoID from Permiso where ModuloID=1 and Nombre='Embarques'), '/WorkStatus/PopUpEtiquetar.aspx'
insert into Pagina(PermisoID, Url) select (select top 1 PermisoID from Permiso where ModuloID=1 and Nombre='Listado de requisiciones'), '/WorkStatus/PopupGenerarRequisicion.aspx'
insert into Pagina(PermisoID, Url) select (select top 1 PermisoID from Permiso where ModuloID=1 and Nombre='Embarques'), '/WorkStatus/PopUpImprimirEtiqueta.aspx'
insert into Pagina(PermisoID, Url) select (select top 1 PermisoID from Permiso where ModuloID=1 and Nombre='Liberación dimensional'), '/WorkStatus/PopUpInspeccionDimensional.aspx'
insert into Pagina(PermisoID, Url) select (select top 1 PermisoID from Permiso where ModuloID=1 and Nombre='Inspección visual'), '/WorkStatus/PopUpInspeccionVisual.aspx'
insert into Pagina(PermisoID, Url) select (select top 1 PermisoID from Permiso where ModuloID=1 and Nombre='Pintura'), '/WorkStatus/PopUpPintura.aspx'
insert into Pagina(PermisoID, Url) select (select top 1 PermisoID from Permiso where ModuloID=1 and Nombre='Embarques'), '/WorkStatus/PopUpPreparar.aspx'
insert into Pagina(PermisoID, Url) select (select top 1 PermisoID from Permiso where ModuloID=1 and Nombre='Integraciones con HH'), '/WorkStatus/PopupReporteLiberacionDimensionalPatio.aspx'
insert into Pagina(PermisoID, Url) select (select top 1 PermisoID from Permiso where ModuloID=1 and Nombre='Integraciones con HH'), '/WorkStatus/PopupReporteLiberacionVisualPatio.aspx'
insert into Pagina(PermisoID, Url) select (select top 1 PermisoID from Permiso where ModuloID=1 and Nombre='Reporte de PNDs'), '/WorkStatus/PopUpReportePND.aspx'
insert into Pagina(PermisoID, Url) select (select top 1 PermisoID from Permiso where ModuloID=1 and Nombre='Reporte de TTs'), '/WorkStatus/PopUpReporteTT.aspx'
insert into Pagina(PermisoID, Url) select (select top 1 PermisoID from Permiso where ModuloID=1 and Nombre='Reporte de requisiciones'), '/WorkStatus/PopUpRequisicionPruebas.aspx'
insert into Pagina(PermisoID, Url) select (select top 1 PermisoID from Permiso where ModuloID=1 and Nombre='Soldadura'), '/WorkStatus/PopupSoldadura.aspx'
insert into Pagina(PermisoID, Url) select (select top 1 PermisoID from Permiso where ModuloID=1 and Nombre='Despacho a corte'), '/WorkStatus/PopUpTransferenciaCorte.aspx'
insert into Pagina(PermisoID, Url) select (select top 1 PermisoID from Permiso where ModuloID=1 and Nombre='Reporte de liberación dimensional'), '/WorkStatus/RepInspeccionDimensional.aspx'
insert into Pagina(PermisoID, Url) select (select top 1 PermisoID from Permiso where ModuloID=1 and Nombre='Reporte de inspección visual'), '/WorkStatus/RepInspeccionVisual.aspx'
insert into Pagina(PermisoID, Url) select (select top 1 PermisoID from Permiso where ModuloID=1 and Nombre='Reporte de PNDs'), '/WorkStatus/ReportePND.aspx'
insert into Pagina(PermisoID, Url) select (select top 1 PermisoID from Permiso where ModuloID=1 and Nombre='Reporte de requisiciones de pintura'), '/WorkStatus/ReporteRequisicionesPintura.aspx'
insert into Pagina(PermisoID, Url) select (select top 1 PermisoID from Permiso where ModuloID=1 and Nombre='Reporte de TTs'), '/WorkStatus/ReporteTT.aspx'
insert into Pagina(PermisoID, Url) select (select top 1 PermisoID from Permiso where ModuloID=1 and Nombre='Reporte de requisiciones'), '/WorkStatus/RepRequisiciones.aspx'
insert into Pagina(PermisoID, Url) select (select top 1 PermisoID from Permiso where ModuloID=1 and Nombre='Despacho a corte'), '/WorkStatus/TransferenciaCorte.aspx'

